name,website,market,platforms,city,niche
Matter Design,https://matterdesign.com.au/,australia,shopify,Sydney,ecommerce
Swanky,https://swankyagency.com/,australia,shopify_plus,Brisbane,ecommerce
23 Digital,https://www.23digital.com.au/,australia,"shopify,wordpress,magento2",Melbourne,general
flux.agency,https://flux.agency/,australia,shopify,Melbourne,ecommerce
Prosper Digital,https://prosperdigital.com.au/,australia,shopify_plus,Melbourne,ecommerce
Mojo Dojo,https://mojodojo.io/,australia,shopify,Australia,ecommerce
Blurn,https://blurn.com/,australia,shopify,Sydney,ecommerce
Convert Digital,https://www.convertdigital.com.au/,australia,shopify_plus,Melbourne,ecommerce
Process Creative,https://processcreative.com.au/,australia,shopify,Sydney,ecommerce
White Peak Digital,https://www.whitepeakdigital.com/,australia,wordpress,Brisbane,general
iSonic,https://isonic.com.au/,australia,wordpress,Brisbane,general
BFJ Digital,https://bfj.digital/,australia,wordpress,Brisbane,general
Design 4Business Group,https://design4businessgroup.com.au/,australia,wordpress,Brisbane,general
Digital Forest,https://digitalforest.com.au/,australia,wordpress,Brisbane,general
Creative Mode,https://www.creativemode.com.au/,australia,wordpress,Brisbane,general
Belinda Owen,https://www.belindaowen.com/,australia,wordpress,Brisbane,freelancer
Raw.Studio,https://raw.studio/,australia,webflow,Sydney,startups
N4 Studio,https://www.n4.studio/,australia,webflow,Sydney,startups
Launch Lab,https://launchlab.com.au/,australia,webflow,Sydney,startups
Q Agency,https://www.qagency.com.au/,australia,webflow,Sydney,general
Magenable,https://magenable.com.au/,australia,"magento2,bigcommerce",Melbourne,ecommerce
Digital Outlook,https://www.digitaloutlook.com.au/,australia,magento2,Melbourne,ecommerce
OSE,https://www.ose.com.au/,australia,magento2,Sydney,ecommerce
Magenizr,https://magenizr.com.au/,australia,magento2,Melbourne,ecommerce
Mage2,https://www.mage2.com.au/,australia,magento2,Australia,ecommerce
Acidgreen,https://www.acidgreen.com.au/,australia,"shopify,magento2",Sydney,ecommerce
Havealook,https://www.havealook.com.au/,australia,wordpress,Australia,tradies
Websites For Tradies,https://websitesfortradie.com.au/,australia,wordpress,Australia,tradies
Built4Tradies,https://www.built4tradies.com.au/,australia,wordpress,Australia,tradies
Alltechzone,https://alltechzone.au/,australia,wordpress,Melbourne,tradies
ThemePress,https://www.themepress.com.au/,australia,wordpress,Australia,tradies
Speedy Systems,https://speedysystems.com.au/,australia,wordpress,Australia,tradies
HeyTradie,https://heytradie.com.au/,australia,wordpress,Australia,tradies
MyTradieSite,https://www.mytradiesite.com.au/,australia,wordpress,Australia,tradies
Total Medical Design,https://www.totalmedicaldesign.com.au/,australia,wordpress,Australia,dental
AEK Media,https://aekmedia.com.au/,australia,wordpress,Sydney,dental
Dental Rank,https://dentalrank.com.au/,australia,wordpress,Australia,dental
Practice Boost,https://www.practiceboost.com.au/,australia,wordpress,Australia,dental
360 Dental Websites,https://dentalwebsitedesign.com.au/,australia,wordpress,Australia,dental
The Web Clinic,https://thewebclinic.com.au/,australia,wordpress,Australia,dental
Clickbiz Dental Marketing,https://clickbizdentalmarketing.com.au/,australia,wordpress,Australia,dental
JR Marketing Group,https://jrmg.com.au/,australia,wordpress,Australia,dental
JH Web Designs,https://www.jhwebdesigns.com.au/,australia,"wordpress,shopify",Perth,general
Studio 88 Web Design,https://studio88web.com.au/,australia,"wordpress,shopify",Perth,freelancer
Samantha Jane Studio,https://samanthajane.au/,australia,wordpress,Perth,freelancer
Website Adelaide,https://websiteadelaide.com.au/,australia,wordpress,Adelaide,general
Exhibea,https://exhibea.com/,us,shopify_plus,Los Angeles,ecommerce
Conspire,https://www.conspireagency.com/,us,shopify_plus,Los Angeles,ecommerce
Mad Mind Studios,https://madmindstudios.com/,us,shopify,Los Angeles,ecommerce
Bluedge,https://bluedgeusa.com/,us,shopify,Los Angeles,ecommerce
Lounge Lizard,https://www.loungelizard.com/,us,"shopify,magento2",New York,general
Freshy,https://freshysites.com/,us,wordpress,Denver,general
Orbit Media Studios,https://www.orbitmedia.com/,us,wordpress,Chicago,general
Tree Ring Digital,https://www.treeringdigital.com/,us,wordpress,Denver,general
Fireant Studio,https://fireantstudio.com/,us,wordpress,Denver,general
Blue Zenith,https://bluezenith.com/,us,wordpress,Denver,general
DeWinter Marketing,https://www.dewintermarketingpr.com/,us,wordpress,Denver,general
Big Orange Planet,https://www.bigorangeplanet.com/,us,wordpress,Denver,general
WP Denver,https://wp-denver.com/,us,wordpress,Denver,general
Refokus,https://www.refokus.com/,us,webflow,United States,startups
Web Tonic,https://www.webtonic.io/,us,webflow,San Francisco,startups
Brightter,https://www.brightter.com/,us,webflow,San Francisco,startups
Wavespace,https://www.wavespace.agency/,us,webflow,San Francisco,startups
Brix Agency,https://brixagency.com/,us,webflow,New York,startups
Barrel,https://www.barrelny.com/,us,webflow,New York,general
Market JD,https://marketjd.com/,us,wordpress,United States,law
PaperStreet,https://www.paperstreet.com/,us,wordpress,Fort Lauderdale,law
AttorneyWebsiteDesign.us,https://attorneywebsitedesign.us/,us,wordpress,United States,law
Solvis Media,https://solvismedia.com/,us,wordpress,Florida,law
Law Firm Sites,https://lawfirmsites.com/,us,wordpress,United States,law
JustLegal Marketing,https://www.justlegalmarketing.com/,us,wordpress,United States,law
OVC Lawyer Marketing,https://www.ovclawyermarketing.com/,us,wordpress,Chicago,law
Juris Digital,https://jurisdigital.com/,us,wordpress,Denver,law
Rosemont Media,https://www.rosemontmedia.com/,us,wordpress,San Diego,dental
PBHS,https://www.pbhs.com/,us,wordpress,United States,dental
DoctorsInternet,https://doctorsinternet.com/,us,wordpress,United States,dental
DentalScapes,https://www.dentalscapes.com/,us,wordpress,United States,dental
Delmain,https://www.delmain.co/,us,wordpress,Portland,dental
Quenzel,https://quenzel.com/,us,wordpress,Florida,restaurant
Vizergy,https://www.vizergy.com/,us,wordpress,Jacksonville,restaurant
Blacksmith Agency,https://blacksmith.agency/,us,wordpress,Phoenix,restaurant
Slam Media Lab,https://www.slammedialab.com/,us,webflow,United States,restaurant
Webdiner,https://webdiner.com/,us,wordpress,United States,restaurant
The Provato Group,https://www.theprovatogroup.com/,us,wordpress,Cleveland,restaurant
Agent Image,https://www.agentimage.com/,us,wordpress,Los Angeles,real-estate
Red Spot Design,https://www.redspotdesign.com/,us,wordpress,Dallas,real-estate
Fix8 Media,https://www.fix8media.com/,us,wordpress,United States,real-estate
Cybernautic,https://www.cybernauticdesign.com/,us,wordpress,Illinois,real-estate
AldoMedia,https://www.aldomedia.com/,us,wordpress,United States,real-estate
Sixth City Marketing,https://www.sixthcitymarketing.com/,us,wordpress,Cleveland,home-services
Hook Agency,https://hookagency.com/,us,wordpress,Minneapolis,home-services
RYNO Strategic Solutions,https://rynoss.com/,us,wordpress,Phoenix,home-services
HVAC Websites (Online Access),https://www.hvacwebsites.com/,us,wordpress,United States,home-services
Ideal Media Pro,https://idealmediapro.com/,us,wordpress,United States,home-services
Robintek,https://www.robintek.com/,us,wordpress,Columbus,home-services
Intuit Solutions,https://www.intuitsolutions.net/,us,bigcommerce,Philadelphia,ecommerce
IWD Agency,https://www.iwdagency.com/,us,"bigcommerce,magento2",Fort Lauderdale,ecommerce
Wagento,https://www.wagento.com/,us,"bigcommerce,magento2",Minneapolis,ecommerce
Optimum7,https://www.optimum7.com/,us,bigcommerce,Miami,ecommerce
