shopify	store-development7	https://xeedevelopers.com/pages/ecom-developers
shopify	internship-stores	https://shirazaliwebdesign.com/
shopify	northwest-web-dev	-
shopify	xspark-solutions	https://www.xsparksolutions.com/
shopify	cartmade-commerce	https://cartmade.com/
shopify	xsolutions360	https://xsolutions360.com/
shopify	nivacommerce	https://www.nivacommerce.com/
shopify	hiyusif	https://www.hiecom.co/
shopify	blue-horizons	https://www.bluehorizonsmarketing.co.uk/
shopify	intouchdevelopers	-
shopify	haydon-power-ltd	http://haydonpower.co.uk/
shopify	nigelburke	https://nbedesign.com/
shopify	undergroundmedia	https://www.weareunderground.com/
shopify	kubix-media	https://kubixmedia.co.uk/
shopify	next-on-solution	https://nextonsolution.com/
shopify	noirluxe	https://noirluxe.co.uk/
shopify	devmont-digital	https://devmontdigital.io/
shopify	glazedigital	https://glazedigital.com/
shopify	squashed-pixel	https://www.squashedpixel.co.uk/
shopify	droplogicx	https://droplogicx.com/
shopify	crisp	https://www.wearecrisp.com/
shopify	greenberry	https://greenberrymedia.com/
shopify	swankyapple	https://swankyagency.com/
shopify	rainy-city	http://www.rainycityagency.com/
shopify	usman-ecom7	-
shopify	nebulawebdesign	https://fat-buddha.co.uk/
shopify	ianlangton	https://www.ecommercebournemouth.co.uk/
shopify	perform-digital-media	https://performdigitalmedia.com/
shopify	uniq-creative	https://uniqcreative.co.uk/
shopify	heseven	https://www.heseven.com/
shopify	affinity-agency1	https://www.affinityagency.co.uk/
shopify	exen	https://exenlabs.com/
shopify	lime-designer	https://www.neat.digital/
shopify	ninja7	https://crestacommerce.com/
shopify	dotsquares-ltd1	https://www.dotsquares.com/
shopify	venturestream	https://venturestream.co.uk/
shopify	blendcommerce	https://blendcommerce.com/
shopify	chain-digital1	https://wearechain.co.uk/
shopify	inspira-digital-ltd	http://www.inspiradigital.co.uk/
shopify	barkerwhite	https://www.ontheroaduk.co.uk/
shopify	idhl-agency	https://www.idhlagency.com/
shopify	hulk-code	https://www.hulkapps.com/
shopify	dotsquares-ltd	https://www.teaminindia.co.uk/
shopify	belle-digital	https://www.gloobi.co/
shopify	create-circus	https://www.createcircus.com/
shopify	silver-dot-commerce	https://silverdotcommerce.com/
shopify	liquiddesign	https://liquify.design/
shopify	by-jn	https://www.by-jn.com/
shopify	online-business-support	https://onlinebusinesssupport.co.uk/
shopify	herd	https://herd.io/
shopify	1hutch	https://www.1hutch.co.uk/
shopify	peardigital	https://peardigital.co.uk/
shopify	superco	http://www.superco.io/
shopify	affiliate-1cdf14aab123040a	https://www.absolute-design.co.uk/
shopify	one10developers	-
shopify	velstar	https://velstar.co.uk/
shopify	create8	https://www.create8.co.uk/
shopify	tcecom2	http://pluro.co.uk/
shopify	medito-digital	https://meditodigital.com/
shopify	uwp	https://www.underwaterpistol.com/
shopify	apexecom	https://www.cake.agency/
shopify	mesh-honey	https://meshhoney.com/
shopify	byteex-ltd	https://byteex.co/
shopify	smith-marketing1	https://thesmithmarketing.com/
shopify	optiexperts	https://optiexperts.co.uk/
shopify	tendency-ltd	https://www.tendency.digital/
shopify	dash-creative	https://www.dashcreative.co/
shopify	etempa-solutions	https://www.etempa.co.uk/ecommerce-profile
shopify	eco-busniess-club	-
shopify	spellnsell	https://spellnsell.com/
shopify	web-optic-limited	https://www.weboptic.com/
shopify	bilal-javaid1	http://www.bjbsolutions.net/
shopify	rtechnologies	https://gtlofficial.com/
shopify	we-are-ims	https://www.the33agency.co.uk/
shopify	usman-ecom2	-
shopify	alloneword	https://www.alloneword.co.uk/
shopify	developer-guy	https://developer-guy.com/
shopify	teabag-studios	https://northernartillery.com/
shopify	grapedigital	https://grapedigital.uk/
shopify	vertex-e-solutions	-
shopify	the-commerce-team-global	https://www.thecommerceteam.com/
shopify	webwisemedia	-
shopify	build-a-brand1	http://www.buildabrand.org.uk/
shopify	ghpc	https://geocommerce.co/
shopify	blubolt	https://blubolt.com/
shopify	hyphen-creative	https://hyphencreative.co.uk/
shopify	sle-international-ltd	https://luxewebsites.co.uk/
shopify	slashcart	https://slashcart.com/
shopify	seotailor	https://seotailor.net/
shopify	clear2	https://cleardesign.co.uk/services/ecommerce/
shopify	hatch-ecommerce	https://www.wearehatch.co.uk/
shopify	techmac-digital	https://techmacdigital.com/
shopify	stores45	https://starlightpixels.com/
shopify	steph-briggs-marketing	https://stephbriggs.co.uk/
shopify	nuuk-digital2	https://www.nuuk-digital.com/
shopify	interpolate	https://www.blockdigital.co.uk/
shopify	adex360-private-limited	https://www.adex360.com/
shopify	quickfire-digital	https://www.quickfiredigital.com/
shopify	hamzaghani	https://xperteria.com/
shopify	small-batch-ltd	https://smallbatchdesign.uk/
shopify	elh	http://www.heyscreenplay.com/
shopify	spectre-creative-limited	https://www.uncovercommerce.com/
shopify	serieseight	https://serieseight.com/
shopify	karmoon	https://e-commerce.studio/
shopify	lionsorbet	-
shopify	complx-co4	https://www.complx.co/
shopify	thefreshlab	-
shopify	yourdezire	https://truewepro.co.uk/
shopify	sales-squad	https://tiny-img.com/
shopify	we-must-create	https://www.rdw-group.com/
shopify	wemakewebsites	https://borngroup.com/
shopify	brave-the-skies	-
shopify	archercooper	https://www.archercooper.co.uk/
shopify	charles-marsh	https://ec-web.co.uk/
shopify	closerearth	-
shopify	whole-design-studios	https://wholedesignstudios.com/
shopify	soliman-enterprise-ltd	https://solimansep.com/
shopify	yellowpixel	https://www.weareyellowpixel.com/
shopify	flickkon	https://flickkon.com/
shopify	design-superheroes	-
shopify	fairtime	https://www.accentuate.io/
shopify	id30	https://www.id30.com/
shopify	revel-solutions	https://revelsolutions.uk/
shopify	wiro	https://www.wiro.agency/
shopify	eighty-four-creative	-
shopify	indesign	http://indesignstudiox.com/
shopify	view-6	http://www.view6.com/
shopify	nd-partner	-
shopify	sweans1	https://www.sweans.com/
shopify	creative-web-company	-
shopify	helen-rawlinson-consulting	https://www.hrdigitaldesign.com/
shopify	eleven3	https://www.weareeleven.co/
shopify	pixel-kicks	https://www.pixelkicks.co.uk/
shopify	ecommerce-teams2	https://beyounike.com/
shopify	marca-media	https://www.marcamedia.co.uk/
shopify	ncompass	https://www.ncompass.co.uk/
shopify	goram-vincent	https://goramandvincent.com/
shopify	avelize	https://www.avelize.com/
shopify	adjust	https://adjust.studio/
shopify	linedup	-
shopify	radiant-agency	https://byradiant.com/
shopify	tribe-digital1	https://tribe.studio/
shopify	barwick-and-turner-digital-consultants	https://rikbarwick.co.uk/
shopify	bao	https://byassociationonly.com/services/shopify-plus-partner?utm_source=ShopifyPlusPartnerDirectory
shopify	limely-ltd1	https://www.limely.co.uk/
shopify	thought-and-mortar-ltd	-
shopify	visualsoft-limited	https://www.visualsoft.co.uk/
shopify	digitalbeans	https://digitalbeans.agency/
shopify	thrive14	https://thrive-cs.com/
shopify	shop-circle-apps	https://shopcircle.co/
shopify	untethered-collective	https://www.emmadolan.dev/
shopify	oxford-impulse	https://oxfordimpulse.com/
shopify	echologyx-ltd	https://echologyx.com/
shopify	graftstudio	https://graftstudio.com/
shopify	lands-ecommerce	https://landsecommerce.com/
shopify	michael-bishop	https://webowski.me/
shopify	thefocus-ltd	https://www.flowlora.com/
shopify	charle-agency	https://www.charle.co.uk/
shopify	twotwentyseven	https://twotwentyseven.com/
shopify	nbcom	https://www.nbcommunication.com/
shopify	creative2	-
shopify	elphick	https://www.elphick.co/
shopify	the-desi-co	https://9x9digital.com/
shopify	ayko	https://www.b2agency.com/
shopify	fusefabric-limited	https://www.fusefabric.com/
shopify	underexposed	https://underexposed.studio/
shopify	supercycle	https://www.supercycle.com/
shopify	dim-websites	https://dimsites.com/
shopify	little-vitamin	https://www.multivitamin.studio/
shopify	daniel-tiffany	https://dream-big-digital.co.uk/
shopify	mahamgfxdesigns	-
shopify	elms-agency	https://elmsagency.com/
shopify	mtwlmt	-
shopify	cloud-merchant	https://devpartners.co.uk/e-commerce
shopify	smartcookiedesign	https://www.smartcookie-design.co.uk/
shopify	base-x-tech2	https://base-xtech.com/
shopify	maize2	-
shopify	estoreseller	https://www.estoreseller.com/
shopify	we-are-seed-digital	https://weareseeddigital.com/
shopify	fiftypoint6	https://www.506.io/
shopify	burana-collection	https://wealthworkshop.co/
shopify	shuvo-says	https://auroralifecycle.com/
shopify	function-london-limited	https://function.london/
shopify	harry-amond	-
shopify	mayfair-digital-agency	https://alaattincagil.com/
shopify	eightyone-creative-ltd	https://winterstudio.co/
shopify	skylight-media	https://www.skylightmedia.co.uk/
shopify	sbt	https://fourmeta.co.uk/
shopify	xee-unit3	https://www.solentify.com/
shopify	shtechnologies	https://nolimitsolutions.co.uk/
shopify	discoverable	https://www.discoverable.co.uk/
shopify	themosse	https://simonmosse.com/
shopify	agency512	https://agency51.com/
shopify	unifiedldn	https://unified.co/
shopify	the-wonder-agency	https://wonderagency.co.uk/
shopify	developer-a8d3f148c3e194fc	http://www.nicolaslavrov.com/
shopify	zeeh	https://zeeh.co.uk/
shopify	pixus	https://pixus.uk/
shopify	mass-creations	https://masscreations.co.uk/
shopify	lj-web-solutions	https://www.ljwebsolutions.co.uk/
shopify	paramount-digital1	https://paramountdigital.co.uk/
shopify	we-take-flight	https://www.wetakeflight.co.uk/
shopify	iftinur	https://www.fiverr.com/iftinur
shopify	lab13-design-ltd	https://www.lab-13.co.uk/
shopify	nexus-data-systems	https://nxds.com/
shopify	justaskparker	https://wwspodcast.com/
shopify	igoo	https://dock.co.uk/
shopify	willhowe	https://willhowe.uk/
shopify	thatworks	https://thatworks.agency/
shopify	letsgetdigital-net	https://letsgetdigital.net/
shopify	montypay1	https://montypay.com/
shopify	notstudio	https://www.not.studio/
shopify	gpmd	https://www.gpmd.co.uk/
shopify	pixelcabin	https://pixelcabin.io/
shopify	website-and-marketing-agency	https://www.nerds-agency.com/
shopify	digitalknowhow	https://digitalknowhow.net/
shopify	4p-ecommerce	https://jesperahlbom.com/
shopify	noughtsandones	https://www.noughtsandones.com/
shopify	invisible-building1	https://invisiblebuilding.com/
shopify	pnrc-limited	https://www.vervaunt.com/
shopify	surefiremedia	https://surefiremedia.co.uk/
shopify	ascensor-limited	https://www.ascensor.com/
shopify	cs-one-design	https://csone.co.uk/
shopify	developer-874df8372bdc715e	https://www.opinew.com/
shopify	hang-ten-media	https://htm.digital/
shopify	speedfly	-
shopify	rotate	https://studiorotate.com/
shopify	ultrajeb-ltd	https://ultralabs.digital/
shopify	due-north-agency	https://www.duenorth.co.uk/
shopify	buzzcube	https://www.buzzcube.io/
shopify	remarkable-commerce	https://remarkable.net/
shopify	media-lounge	https://www.realagency.co.uk/?utm_source=shpartner&utm_medium=referral&utm_campaign=directory
shopify	lineheights2	https://convergegrowth.com/
shopify	iamkeir	https://iamkeir.com/
shopify	muckypuddle	https://www.muckypuddle.com/
shopify	shift1	https://bidnamic.com/
shopify	acbuild	https://excellecom.io/
shopify	order-printer	https://get.orderprinterpro.com/
shopify	worldwide-websites	https://dreamworx.co.uk/
shopify	supadu-limited-uk1	https://www.supadu.com/
shopify	maxim-consulting-services	https://www.maximconsultingservices.co.uk/
shopify	onstate2	http://onstate.co.uk/
shopify	craig-mankelow	https://craigmankelow.com/
shopify	49th-creative	-
shopify	jd4	https://www.realagency.co.uk/
shopify	landing-pages-ltd	https://ecomlanders.co/
shopify	tryzensglobal	https://tryzens.com/?utm_source=ShopifyPlusPartnerDirectory
shopify	resquared	https://www.launchtip.com/
shopify	shero-commerce7	https://sherocommerce.com/
shopify	citizen-digital-limited	https://neoncorp.co/
shopify	sim-bird-fundamentals-studio	https://ecom.family/
shopify	el-digital-ltd	https://www.eldigitalcommerce.com/
shopify	rod-barlow-digital-consultancy-ltd	https://www.rodbarlow.com/
shopify	flocreative	https://www.richcronin.co.uk/
shopify	ceo-hq	http://www.centuridesigns.com/
shopify	dewsign	http://www.dewsign.co.uk/
shopify	oganro-ltd	https://cartdna.com/
shopify	banbridge-website-studio	https://bwsbanbridge.com/
shopify	haslo-digital-limited	https://haslo.co.uk/
shopify	sparrowdigital	http://www.sparrowdigital.co.uk/
shopify	releasit	https://www.releas.it/
shopify	3ea-graphic-design	https://3eacreatives.com/
shopify	limesharp4	https://limesharp.net/
shopify	visit-digital-ltd	https://www.visitdigital.com/
shopify	ecommerce-consulting-ltd	https://www.thefashioncircle.co.uk/
shopify	magic42	https://www.magic42.co.uk/
shopify	tda-the-digital-agency-ltd6	https://thedigital.agency/
shopify	nexgencommerce	https://wearengc.com/
shopify	ocontis	https://ocontis.studio/
shopify	dsconsult-s-comm	https://wizzionmedia.com/
shopify	culm-valley-marketing	https://culmvalleymarketing.co.uk/
shopify	visual-woma	https://www.nuvomuse.com/
shopify	hoxton-vinyl1	https://hoxtonvinyl.com/
shopify	brand42	https://brand42.co.uk/
shopify	matt-harrison	https://marketingxp.co.uk/
shopify	atlantic-access	https://www.atlanticaccess.co.uk/
shopify	attach-digital1	https://www.attachdigital.co.uk/
shopify	maavia-kamran1	https://techcubepk.com/
shopify	leclaires-digital-ltd	https://leclaires.com/
shopify	visuable-ltd	https://visuable.co/
shopify	think-commerce	https://www.thinkcommerce.com/
shopify	bspoq	https://www.bspoq.com/
shopify	tiger-digital	https://tigerdigital.co.uk/
shopify	hatch-web-design	https://www.hatchwebdesign.com/
shopify	studio-graft	https://www.studiograft.co.uk/
shopify	edgeward	https://www.linkdigital.co.uk/
shopify	waters-creative	https://www.waters-creative.co.uk/
shopify	elsmedia	https://charlessellers.com/
shopify	supplyant	https://supplyant.com/
shopify	analog-republic3	https://analogrepublic.com/
shopify	moresoda	https://moresoda.co.uk/
shopify	pacer-studio	https://pacer.studio/
shopify	ecomlabs-io	https://www.ecomlabs.io/
shopify	digital-parent-company	https://www.uptheredigital.com/
shopify	full-story	https://fullstory.marketing/
shopify	leondevelopers	https://leondevelopers.com/pages/our-portfolio
shopify	adchievable1	https://www.thirteenonline.co.uk/
shopify	finn-gedge-gibb	https://www.bushylab.com/
shopify	the-barn-agency-ltd	https://thebarn.agency/
shopify	cloudimpact	-
shopify	junoshopify	https://www.junoecommerce.com/?utm_source=ShopifyPlusPartnerDirectory
shopify	yes-yes-tech-ltd	https://yyt.dev/
shopify	james-austin-1988	https://electricldn.co.uk/
shopify	the-dream-state	-
shopify	cross-digital	https://www.cross-digital.co.uk/
shopify	verse-group-ltd	https://www.sayyes.co/
shopify	digital-six	https://www.digitalsix.co.uk/
shopify	premade-dropshipping-stores1	https://dropistores.com/
shopify	thread-digital2	http://www.thread-digital.com/
shopify	blazon-agency-ltd2	https://www.blazonagency.com/
shopify	lightning-e-com-ltd	https://www.lightning-e.com/
shopify	agency286	https://www.vunkle.co.uk/
shopify	this-is-undefined1	-
shopify	kloonk	https://kloonk.com/
shopify	propeller-digital	https://www.propeller.co.uk/?utm_source=SPPartnerDirectory
shopify	magneto-it-solution	https://magnetoitsolutions.com/uk/
shopify	breeze-development	https://www.breezedevelopment.co.uk/
shopify	copperfire	-
shopify	hello-digital	https://hellodigital.nz/
shopify	hallway-studios	https://hallway.co.uk/
shopify	stellarsearch	https://www.stellarsearch.co.uk/
shopify	intellias4	https://intellias.com/
shopify	gravytrain-limited	http://www.gravytrain.co.uk/
shopify	local-business-domination	https://businessdomination.co.uk/
shopify	morgan-branding-limited	https://morgandigital.co.uk/
shopify	studioworx	https://www.studioworx.co.uk/
shopify	vudu-digital	https://vududigital.co.uk/
shopify	mindera	https://mindera.com/
shopify	lewis-adcock-seo	https://www.lewisadcock.co.uk/
shopify	hypermind	https://www.hypermind.xyz/
shopify	event-merchandising	http://www.eventmerchandising.com/
shopify	mediamaksuk	https://www.mediamaks.com/
shopify	webceterauk	https://webcetera.co.uk/
shopify	pmc-commerce	https://pmccommerce.com/
shopify	webbizwiz	-
shopify	trs-design-agency-limited	https://www.trsdesign.com/
shopify	product-glow-limited	https://productglow.com/
shopify	siruss-ltd	https://www.siruss.co.uk/
shopify	umang4	-
shopify	528-digital	https://528digital.co.uk/
shopify	suziexpert	-
shopify	attain-design	https://www.deploy.co.uk/
shopify	stackup-digital	https://www.stackupdigital.co.uk/
shopify	strawberry	https://strawberry.co.uk/?utm_source=ShopPartnerDirectory
shopify	digital-blueprint	https://digitalblueprints.co.uk/
shopify	morphuse	https://morphuse.com/
shopify	cocoon6	https://cocoon.agency/
shopify	epic-social-e-com-team	https://epicsocial.co.uk/
shopify	cliency-ltd1	https://www.cliencywebdesign.co.uk/
shopify	in-house-york	https://inhouseyork.com/
shopify	torpedojuice	https://www.torpedojuice.co.uk/
shopify	balance-digital	https://balancedigital.agency/
shopify	built-for-growth-digital1	https://www.builtforgrowthdigital.com/
shopify	farrows-limited	https://farrows.co.uk/
shopify	netraste	http://www.netraaste.com/
shopify	fettle-agency	https://fettle.agency/
shopify	vollo	https://vollo.co.uk/
shopify	smack1	https://smackagency.co.uk/
shopify	kayo-digital	https://kayo.digital/
shopify	expert-digital-marketing1	https://edm-uk.com/
shopify	selofy	https://www.selofy.com/
shopify	perspective-design	https://jamescartwright.dev/
shopify	milktub-agency	https://milktubagency.com/
shopify	senso-agency	https://sensostudio.co/
shopify	refulfil-ltd	https://www.refulfil.com/
shopify	ecrubox-digital1	https://ecrubox.com/
shopify	the-commerce-xpress	https://thecommercexpress.com/
shopify	evoluted1	https://www.evoluted.net/
shopify	fostr-agency	https://www.fostr.io/?utm_source=ShopifyPlusPartnerDirectory
shopify	pjm-digital	http://pjmdigital.co.uk/
shopify	edgedigital	https://www.edgedigital.net/
shopify	astound-digital	https://www.astounddigital.com/?utm_source=SPPartnerDirectory
shopify	cloud-seller-pro	https://cspcommerce.com/
shopify	allied-hinge	https://www.tidalrise.uk/
shopify	skywire	https://skywire.co.uk/
shopify	8th-dial1	https://8thdial.com/
shopify	trajekt-digital	https://trajekt.digital/
shopify	robert-edney-design	-
shopify	finners-dev	https://www.pimsical.app/
shopify	ra-creative	https://racreative.co.uk/
shopify	ingenioussuite	-
shopify	brand-empwr	https://brandempwr.com/
shopify	sentient-digital-limited	https://www.actuate.agency/
shopify	ldn-media1	https://moodco.io/
shopify	jennyleidesign	-
shopify	cti-digital	http://www.ctidigital.com/
shopify	own-kind-ltd	https://own-kind.com/
shopify	cyberstellar1	https://iconicstudio.com/
shopify	sustain	-
shopify	besquare-concepts	-
shopify	webezy	-
shopify	newwave-design-ltd	https://newwave.agency/
shopify	www-calthompson-co-uk	https://www.calthompson.co.uk/
shopify	times-2-studios-ltd	https://www.times2studios.com/
shopify	malik-hamza	-
shopify	ecomone8	https://www.ecomone.com/
shopify	morphsites2	https://www.morphsites.com/
shopify	kps2	https://kps.com/uk/en.html
shopify	5874-commerce	https://5874commerce.com/
shopify	lloyds-knight	https://lloydsknight.co.uk/
shopify	faya-ldn	https://www.fayaldn.com/
shopify	gluedigitalstudio	https://gluestudio.co.uk/
shopify	rvs-media	https://www.rvsmedia.co.uk/
shopify	whp-creative	https://www.whpcreative.co.uk/
shopify	witty-sol	-
shopify	space-48	https://www.space48.com/?utm_source=ShopifyPlusPartnerDirectory
shopify	tiger-systems-ltd	https://tigersystems.com/
shopify	alban-digital	https://albandigital.com/
shopify	ecommfirst	https://blinq.me/NKuj9bWPcHPetbFOCMDo
shopify	rethinkbusiness	https://rethink.business/
shopify	goldfield-projects-limited	https://www.goldfieldprojects.com/
shopify	sayprcom	https://saypr.com/
shopify	stewart-doxey	https://www.stewartdoxey.co.uk/
shopify	dee-kay-design	https://deekaydesign.com/
shopify	prebuilt-business	https://ecomignited.com/
shopify	akatas	-
shopify	den-creative1	https://www.elixirrdigital.com/
shopify	behive-design-ltd	https://www.behive.design/
shopify	cloudcom	https://www.wearecloudcom.com/
shopify	lightweb-group	https://lightwebgroup.com/
shopify	mon-vanity-ideal	https://ibro.studio/
shopify	wynyards-co	-
shopify	goonline-agency	https://goonline.agency/
shopify	adaptable	-
shopify	character-creates4	https://www.charactercreates.co.uk/
shopify	unrvld1	https://www.unrvld.com/
shopify	fine-marketing	https://finemarketing.co.uk/
shopify	lisa-leah	-
shopify	full-fat-things-limited	https://www.fullfatthings.com/
shopify	jet-digital	https://www.fiverr.com/jetdigital_?source=gig_page
shopify	jeli	-
shopify	247-commerce-limited1	https://www.247commerce.co.uk/
shopify	soap-media	https://www.soapmedia.co.uk/
shopify	candyspace	https://www.candyspace.com/
shopify	columbus-global-uk-ltd	https://www.columbusglobal.com/
shopify	soon-london-ltd	http://www.thisissoon.com/
shopify	11x	https://11x.io/
shopify	copper-and-wild	-
shopify	net-solutions-uk-private-ltd	https://www.netsolutions.com/
shopify	lemon-hive	https://www.lemonhive.com/
shopify	rainy-city-consulting	-
shopify	add-reality-limited	-
shopify	advnc	http://www.advnc.co/
shopify	ggbb	https://ukmedi.co.uk/
shopify	firth-creative-limited	https://www.firthcreative.com/
shopify	aws-websites	-
shopify	portaltech-reply	http://www.portaltech@reply.com/
shopify	elementary-digital	https://elementarydigital.co.uk/
shopify	rhapsody-media2	https://www.rhapsodymedia.com/
shopify	aware-digital	https://www.awaredigital.co.uk/
shopify	the-journey4	https://www.start-thejourney.co.uk/
shopify	digital-stratagems-limited	https://stratagems.com/
shopify	its-off-brand-limited	https://www.itsoffbrand.com/
shopify	shopicraftio	https://www.shopicraft.io/
shopify	milkbottlelabs	https://milkbottlelabs.com/
shopify	lightyear	-
shopify	you	-
shopify	tivoli-retail-ltd	https://www.tivolimedia.ie/
shopify	fellemedia	https://fellemedia.com/
shopify	sharp-developing	https://www.sharpmediaagency.com/
shopify	qdivision	http://www.qdivision.ie/
shopify	appmate	-
shopify	vevolio-srl1	https://vevolmedia.com/
shopify	sns-nails-ireland	https://zoma.ie/
shopify	great-northern-larder	https://perfidiousalbert.com/
shopify	studioforty91	https://www.studioforty9.com/
shopify	ciaran-oglesby	https://www.oglesbymedia.com/
shopify	b2r-fashion-wholesale-limited	https://brand-depot.com/
shopify	df-webdesign	https://mcbridedigital.ie/
shopify	noise1	https://noiseagency.ie/
shopify	rad-e-com1	http://www.radicalecommerce.com/
shopify	vitamin-creative-ltd	https://vitamin.ie/
shopify	infernos-media	https://castlecommerce.ie/
shopify	little-large	https://www.littleandlarge.ie/
shopify	moji2	https://moji.ie/
shopify	bbmm	https://www.bbmm.ie/
shopify	ecomm-kingz	https://ekstudio.ie/
shopify	ireland-website-design	https://www.irelandwebsitedesign.com/
shopify	dataships3	https://www.dataships.io/
shopify	dept-digital-ltd	https://www.deptagency.com/en-uki/
shopify	viral-media-agency	https://www.viralmediaonline.com/
shopify	darren-martin	-
shopify	8-west-consulting	https://www.8west.ie/
