shopify	shopifytech	https://www.akunatech.com/
shopify	kim-carruthers	https://echic.com.au/
shopify	endless-digital-agency	https://endlessdigital.com.au/
shopify	willjabo	https://jaboo.io/
shopify	insider-media-group	https://www.insidermedia.com.au/
shopify	hhp-design	https://hhp-design.com.au/
shopify	dac-design	https://dacdesign.au/
shopify	deadwood-digital	https://deadwood.com.au/
shopify	spring-web-solutions	https://www.concise.digital/
shopify	clayton-bates2	https://www.inspiresmallbusiness.com/
shopify	kasun-senaratne	https://www.kasun.com.au/
shopify	it-geeks	https://itgeeks.com/?utm_source=sref
shopify	mandasa-technologies	https://www.mandasatech.com/
shopify	ebiztrait	https://ebiztrait.com/
shopify	webloudspeaker-private-limited	https://www.mlveda.com/work-insights
shopify	the-design-archi-techs-inc	https://thedesignarchitechs.com/
shopify	adex-labs	https://adexlabs.com/
shopify	rnr-digital-media-group-llc1	https://rnrmediagrp.com/
shopify	waowy	https://ecomswiftllc.com/
shopify	blinc-design	https://www.theblinc.com/
shopify	adam-shrum	https://www.adamshrum.com/
shopify	shugert-marketing	https://shugert.com.mx/
shopify	savvy-programmers	https://www.savvyprogrammers.com/
shopify	expert-village-media	https://www.expertvillagemedia.com/
shopify	hippie-chick-design	https://hippiechickdesign.com/
shopify	graphixdesigners3	https://www.wearewebsitedesigners.com/
shopify	the-e-comm-assistant	-
shopify	webbimonks	https://webbimonks.com/
shopify	hellen-vella1	https://oxyecom.com/
shopify	kf-shopify	https://www.eshopgenius.com/
shopify	happy-code2	https://quedevelopers.com/
shopify	89-creatives	https://sesquare.com/
shopify	charleston-webbuilder	https://www.charlestonwebbuilder.com/
shopify	store-expert6	-
shopify	launchcoast	https://launchcoast.net/
shopify	ouxp	https://ouxp.com/
shopify	mastroke6	https://www.mastroke.com/
shopify	mile-high-themes	-
shopify	makeit-pro	https://developerscapital.net/
shopify	rootsyntax	https://www.rootsyntax.com/
shopify	aes-office	https://www.aesoffices.com/
shopify	ecomplix	https://ecomplix.com/
shopify	web-developer234	https://www.fakhar-ali.com/
shopify	open-shopify	https://storefix.co/
shopify	jadepuma	https://jadepuma.com/
shopify	deks-technology-solutions-llc1	https://www.dekstech.com/
shopify	webplanex1	http://www.webplanex.com/
shopify	home-based-ecommerce-2	-
shopify	the-visiontech	https://www.thevisiontech.com/
shopify	centous-solutions	https://www.centous.com/
shopify	lanternsol	https://lanternsol.com/
shopify	proactivocommerce	https://proactivocommerce.com/
shopify	important-labs-llc	http://www.importantlabs.com/
shopify	cronk-studios	https://cronkstudios.com/
shopify	rajimulislamjoy	https://rajimulislamjoy.com/
shopify	cedcommerce	https://cedcommerce.com/services
shopify	tracy-sailors	http://www.tracysailors.com/
shopify	dani21	https://calendly.com/envylords/fortydollardeal
shopify	c2-digital	https://c2-digital.com/
shopify	2-friends-designs	https://www.2friendsdesigns.com/
shopify	ecomgraduatesllc	https://ecomgraduates.com/
shopify	code2commerce	https://www.code2commerce.com/
shopify	zahn-brazil	https://www.theindiecollab.com/
shopify	sharon-moskal	https://sharonmoskal.com/
shopify	govedia	https://govedia.com/
shopify	luis-dev	https://luisdevstudio.com/
shopify	techmac-digital-solutions	https://techmacdigital.com/
shopify	1stfold	https://thefoldtech.com/
shopify	arcticgreyinc	https://arcticgrey.com/
shopify	ovaisshaikh	-
shopify	smplstc	https://simplistic.com/
shopify	fortydollardeal	https://calendly.com/envylords/nova-creation
shopify	bigfolio-llc	https://www.bigfolio.co/pd
shopify	friction-studio1	https://www.friction.studio/
shopify	pasilobus	https://www.pasilobus.com/
shopify	pogodan-dev	https://pogodan.com/?utm_source=partner_directory
shopify	risingcommerce	https://davymartel.com/
shopify	rialto-partners	https://rialtopartners.com/
shopify	r-r-creative-co	https://www.randrcreativeco.com/
shopify	lucentinnovation	https://www.lucentinnovation.com/pages/ecommerce-website-development-services
shopify	ecomzier	https://ecomzier.com/
shopify	silvercarts	https://silvercarts.com/
shopify	yellowwebmonkey-web-design1	https://www.yellowwebmonkey.com/ecommerce/
shopify	tasklon	-
shopify	designing-fresh	https://designingfresh.com/
shopify	experts-team	https://xeecreatives.com/
shopify	techstriker	https://www.techstriker.com/
shopify	cariba-llc	https://www.caribasocialstudio.com/
shopify	uncap	https://www.uncap.com/
shopify	businessist	https://www.businesist.com/
shopify	speed-plus	https://www.speedplus.us/
shopify	pixelated-arts	https://www.pixelatedarts.com/
shopify	axis-web-art-private-limited	https://www.axiswebart.us/
shopify	red-plug-design-co	https://www.redplugdesign.com/
shopify	solo-media-group1	https://www.solomediagroup.com/
shopify	58clicks	http://www.58clicks.com/
shopify	thegenielab	https://www.thegenielab.com/
shopify	tvp-nyc	https://totalcommerce.partners/
shopify	cirkle-studio	https://www.cirklestudio.co/
shopify	rootcreative	https://calendly.com/rootcreative
shopify	sugoi-digital-llc	https://www.sugoidigital.co/
shopify	mark-perini	https://iceesocial.com/
shopify	the-modern-evolution1	https://modernevolutiondesign.com/
shopify	aeolidia	https://aeolidia.com/contact/
shopify	ruby-digital-agency	https://rubydigitalagency.com/
shopify	whirlwind-ecommerce	https://whirlwind-ecommerce.com/?utm_source=shpfy-partners
shopify	markloops-official	https://markloops.com/
shopify	websensepro1	https://websensepro.com/
shopify	webcontrive	https://webcontrive.com/?utm_source=partner_directory&utm_medium=directory
shopify	your-store-wizards	https://www.yourstorewizards.com/
shopify	ashfak-khan	https://kurlicodes.com/
shopify	hot-mess-consulting	http://www.hotmesshustle.com/
shopify	nivara-commerce	https://nivara.co/
shopify	seedcms	https://seedcms.com/
shopify	polar-bear-commerce	https://polarbearcommerce.com/
shopify	daniyal-waheed	https://danielwebb.dev/
shopify	hya-media	https://www.peterdong.com/
shopify	monsoon	https://www.monsoonautomation.com/
shopify	metizsoft	https://www.metizsoft.com/
shopify	mean3	https://mean3.com/
shopify	zak-hardage	https://www.hardage-hardage.com/
shopify	electriceye	http://www.electriceye.io/
shopify	ben-zettler	https://zettlerdigital.com/
shopify	ethercycle	https://ethercycle.com/
shopify	shopafree	https://shopafree.me/
shopify	vasta-inc	https://www.vasta.me/
shopify	ecom-queens	https://ecomqueens.com/
shopify	danish-fareed4	https://www.upwork.com/freelancers/danishfareed7
shopify	neon-blend	https://www.neonblend.ai/
shopify	midknight-genuis	https://www.midknightgenius.com/
shopify	spurit	https://spur-i-t.com/
shopify	pacific-iq	https://www.pacificiq.com/
shopify	custom-brand-service2	https://custombrandservice.com/
shopify	leighton-creative-design	https://www.envision.io/
shopify	absolute-web-services	https://absoluteweb.com/
shopify	forsuccess	-
shopify	heymara	https://cremedlc.co/
shopify	minion-made	https://minionmade.com/
shopify	lavelle-holmes	https://ecartatlanta.com/
shopify	mezodology	https://www.mezodology.com/
shopify	praella	https://www.praella.com/?utm_source=ShopifyPlusPartnerDirectory
shopify	coalition-technologies	https://coalitiontechnologies.com/
shopify	old-shoptrade	https://shoptrade.co/?utm_source=partners_directory&utm_medium=directory_link&utm_campaign=shoptrade_partner_referral&utm_content=shoptrade_profile
shopify	gloross	https://gloross.com/
shopify	20north-marketing	https://www.20northmarketing.com/
shopify	conspire-agency	https://conspireagency.com/
shopify	shopifyninjas	https://www.blackbeltcommerce.com/
shopify	kshitij-tripathi	https://calendly.com/kt-contact-me/30min
shopify	text-connects	https://textconnects.com/
shopify	slide-ai	https://nine15.com/
shopify	e-commerce-expert17	-
shopify	appstle	-
shopify	dreamstolifellc	https://dreamstolifellc.com/
shopify	qacreative	https://qnacreative.com/
shopify	carlowseo	https://carlowseo.com/
shopify	easyweb2	https://ecorn.agency/
shopify	glitzy-mother-cupper-llc	https://glitzymothercoder.com/
shopify	decor-plus	https://www.royalretailer.com/
shopify	digital-flagship	https://digitalflagship.com/
shopify	shopcust	https://fuelmade.com/
shopify	wes-grasty	https://www.ultrafade.com/
shopify	ecommercepro	https://www.ecommercepro.com/
shopify	webecommercepros	https://webecommercepros.com/
shopify	presidiocreative	https://presidiodev.com/
shopify	saad-dev-store	-
shopify	cartcoders	https://cartcoders.com/
shopify	dcode	https://dcodehq.com/
shopify	realmwebdesign	https://realmwebdesign.com/
shopify	prc	https://www.prcapps.com/
shopify	mobikasa	https://www.mobikasa.com/
shopify	kwmgmt-co	https://www.katewilson.us/
shopify	goldenstreammedia	-
shopify	one-creative-pixel	https://www.onecreativepixel.com/
shopify	vaulted-oak1	https://vaulted-oak.com/
shopify	cjdesigns	https://sunnyroad.co/
shopify	seamonster-studios	https://www.seamonsterstudios.com/
shopify	synapseindia	https://www.synapseindia.com/
shopify	shop-maester	https://www.nextplus.store/
shopify	fyresite3	https://www.fyresite.com/?utm_source=ShopifyPlusPartnerDirectory
shopify	zestard-technologies	https://www.zestard.com/
shopify	accumula	-
shopify	imadesign	https://www.tinabar.com/
shopify	emersoft2	https://emersoft.co/
shopify	ambaum-1	https://ambaum.com/
shopify	foxecomoffcial	https://foxecom.com/
shopify	99-shopify-experts	https://99ecommerceexperts.com/
shopify	bloomwine	https://bloom.wine/
shopify	chicagowebco	https://www.chicagoweb.co/
shopify	patane	https://patanecreative.com/
shopify	ben-rummel-design	https://www.benrummel.com/
shopify	9sleek	https://9sleek.com/
shopify	flavorcloud-llc1	http://www.flavorcloud.com/
shopify	harttcommerce	https://harttcommerce.com/
shopify	meghbalikatech	https://meghbalika.xyz/
shopify	riessgroup	https://riessgroup.com/
shopify	sara-mote	https://mote.agency/
shopify	monumental	https://monumental.is/?partners
shopify	bluesoft-design	https://www.bluesoftdesign.com/
shopify	comerix	https://comerix.com/
shopify	c-r-companies-llc2	https://activeedgecommerce.com/
shopify	quix-sites1	https://www.quixsites.com/
shopify	kjwebpro	https://tourmalineagency.com/
shopify	w3trends	-
shopify	taskhusky	https://www.taskhusky.com/
shopify	netalico-llc	https://netalico.com/
shopify	folio3-pvt-ltd1	https://ecommerce.folio3.com/store-development-partner/
shopify	encyphers	https://encyphers.com/
shopify	mark-sunders	https://www.ecommercestorez.us/
shopify	ecommercedev2	https://www.haleywangportfolio.com/
shopify	udundi	https://www.udundi.com/
shopify	abby-rose-design	http://ard-creative.com/
shopify	leadige-llc	https://evesitedesign.com/
shopify	tm5150	https://tm5150.com/
shopify	archer1	https://www.reliced.com/
shopify	kuvi-key-unique-virtual-innovation-spa	https://www.kuvinnovation.com/
shopify	rad-ecom1	https://ecomluxx.com/
shopify	notch-solutions	https://notchsolutions.com/
shopify	sleepless-media	https://www.sleeplessmedia.com/
shopify	trennderbyjorge	https://contact.trennder.com/schedule-a-call
shopify	firstwireapps	https://firstwireapp.com/
shopify	thinsquareinc	https://www.thinsquare.com/
shopify	optimizers	https://optimizers.studio/
shopify	txtcart	https://txtcart.ai/
shopify	ecomxhq	https://ecomx.co/
shopify	414-agency	https://www.spliit.us/
shopify	webinnovate	https://webinnovate.dev/
shopify	ed-digital-marketing	https://ed-digital.com/
shopify	rafa-rivas-photo	https://www.rivascreative.co/
shopify	jerinlab	https://jerinlab.com/
shopify	store-mindz	https://storemindz.com/
shopify	plugdigital	https://plugdigital.io/
shopify	sunrise-wholesale	https://www.sunriseintegration.com/
shopify	digitalsuits1	https://digitalsuits.co/?utm_source=shopfy.com&utm_medium=referral&utm_campaign=partners
shopify	smart-age-solutions2	https://smartagesolutions.com/
shopify	nirissio1	-
shopify	brod-solutions1	https://brodsolutions.com/
shopify	avexdesigns	https://www.avexdesigns.com/
shopify	blueswitch	https://www.blueswitch.com/?utm_source=partner&utm_medium=referral
shopify	gowebbaby	https://www.gowebbaby.com/
shopify	janzen-designs	https://janzendesigns.com/
shopify	p-three-media	https://pthreemedia.com/
shopify	shoppad	https://www.getmesa.com/
shopify	drp-design-llc	https://digitalretailpartners.com/
shopify	coldsmoke	https://coldsmoke.co/
shopify	maxwellcarlscott	https://digitalsauna.com/
shopify	latech3	https://latechfactory.com/
shopify	knack-pdm1	https://www.knack-marketing.com/
shopify	logo-digital-media	https://logo.media/
shopify	fav-solution	https://favsolution.com/?utm_source=ShopifyPlusPartnerDirectory
shopify	bgs-revenue-optimization	https://buildgrowscale.com/
shopify	americaneagle-com	https://www.americaneagle.com/
shopify	butterfly12	https://mhmediaagency.com/
shopify	the-commerce-shop	http://thecommerceshop.com/
shopify	bahia-designs	http://bahiadesigns.com/
shopify	nextbracket	https://nextbracket.io/
shopify	studio-239-design	https://studio239design.com/
shopify	slicedbread	https://www.slicedbread.agency/
shopify	ultra-marketing-group	https://www.ultramarketinggroup.com/
shopify	freeman-new-york	https://freemannyc.com/
shopify	asy-digital	https://furnituremarketingpros.com/
shopify	grey-suit-retail	https://www.imagineretailer.com/
shopify	3iwebexperts	https://www.3iwebexperts.com/
shopify	morning	-
shopify	n-a-custom-designs-llc	http://www.nacollectives.com/
shopify	techdriven	https://growyourboutique.com/
shopify	ezomfy	https://ezomfy.com/
shopify	peak-degrees	https://mediaspace.co/
shopify	puc-agency	https://algoritmollc.com/
shopify	the-club-factory	https://dcrayons.app/
shopify	luscious-leopard	https://www.lusciousleopard.com/
shopify	web-2-market	https://web2market.com/
shopify	scottboufford	https://www.inthehelix.com/
shopify	sellerdrive	https://www.sellerdriveglobal.com/
shopify	medialimes-com	https://brytdesigns.com/
shopify	nexify-solutions-llc	https://turnaroundcommerce.com/
shopify	jas	https://www.jastechnology.com/
shopify	gammawaves	http://www.gammawaves.io/
shopify	web-style-marketing	http://www.webstylemarketing.com/
shopify	the-cool-agency	https://www.jonahlmadeya.com/
shopify	brainvire-infotech-inc1	https://www.brainvire.com/
shopify	nxtagency	https://nxtagency.net/
shopify	sirius-growth	https://www.upwork.com/freelancers/tallarivera
shopify	cec-xyz	http://www.webexp.dev/
shopify	domaine-studio	https://meetdomaine.com/studio/
shopify	four13-group	https://four13.co/
shopify	jill-co	https://www.jillgaynor.com/
shopify	rofuss-marketing	https://www.rofuss.com/
shopify	aj-hauser	https://thehdg.biz/
shopify	vc-creative-studio	https://vccreativestudio.com/
shopify	raymondmatthew	https://www.raymondmatthew.com/
shopify	weberous	https://www.weberous.com/
shopify	blind-creative1	https://d2cdevelopers.com/
shopify	usman-pervez	https://wulogix.com/
shopify	irish-titan	https://irishtitan.com/
shopify	pj-gomez-llc	https://pjgomez.com/
shopify	traverse	https://traversedesign.co/
shopify	building-store	-
shopify	webeo	https://workingweekends.co/
shopify	cardinal-designs	-
shopify	codal	https://www.codal.com/
shopify	ecomflight	https://ecomflight.com/
shopify	fbx	https://www.fishbucket.com/
shopify	fdgweb	https://www.fdgweb.com/
shopify	script-theory	https://scriptandtheory.com/
shopify	softlimit	https://softlimit.com/
shopify	829-studios8	https://www.829studios.com/
shopify	coozmoo-digital-solutions	https://coozmoo.com/
shopify	thomas-phillips	https://www.tomphillips.dev/
shopify	oxyecom	-
shopify	webexpert-1	https://cynvio.com/
shopify	act-second	https://actsecond.com/
shopify	cwsites	https://craftandcode.io/
shopify	wm-digital	https://wmdagency.com/
shopify	xapprika	https://xapprika.com/
shopify	wlcr	https://wlcr.io/
shopify	pluginseo	http://www.pluginuseful.com/
shopify	hand-hugs-design	https://handhugs.com/
shopify	gemfind1	https://gemfind.com/
shopify	addisonapplications	https://addisonapplications.com/
shopify	codeyard	https://www.codeyard.app/
shopify	swoonworthy-desigbs	https://swoonworthydesigns.com/
shopify	noah	https://www.noah.la/
shopify	maison-mrkt	https://www.maisonmrkt.com/
shopify	micromerch	https://www.micromerch.com/
shopify	xgentech	https://xgentech.net/
shopify	cql1	https://www.cqlcorp.com/
shopify	on-the-map-marketing	-
shopify	amh-fund	https://www.sodaspoon.com/products/book-now
shopify	digitlhaus	https://digitlhaus.com/
shopify	ventura-web-design	https://www.venturawebdesign.com/
shopify	electric-orange-creative1	https://electricorangecreative.com/?utm_source=SPlusPartnerDirectory
shopify	nebula-dept	https://www.nebuladept.com/
shopify	varfaj-partners2	https://varfaj.com/?utm_source=ShopifyPlusPartnerDirectory
shopify	bernie-services	-
shopify	aheadtech360	https://aheadtech360.com/
shopify	revo-designs	http://revodesigns.com/
shopify	topflyte-global-team	https://veronicajeans.com/
shopify	creative-web-id	https://launchlabstudiopr.com/
shopify	pelican-commerce	https://www.pelicancommerce.com/
shopify	hashout	https://outcareyourcompetition.com/ecommerce
shopify	blkdg4	https://www.blkdg.com/
shopify	swiss-web-designers1	https://strongerecommerce.com/
shopify	kamari-labs	https://kamarilabs.com/
shopify	bubble-up	https://www.bubbleup.net/
shopify	aisoft-development-llc	https://shopfab.dev/
shopify	jessica-romero-llc1	https://heyjessromero.com/
shopify	kristen-bromiley-llc	https://haydastudios.com/
shopify	magneticone	https://www.shopping-cart-migration.com/
shopify	blinixsolutions	https://blinixsolutions.com/
shopify	yovigo	https://shop.paywhirl.com/
shopify	ecomency	https://ecomency.com/
shopify	all-point-retail2	https://www.allpointretail.com/
shopify	99medialab5789	https://99medialab.com/
shopify	mirade	-
shopify	brandography	https://www.brandography.com/
shopify	objectsws	https://objects.ws/
shopify	sd33	https://siardigital.com/
shopify	vajro	https://www.superfans.io/
shopify	the-vaan-group	http://www.vaangroup.com/services?utm_source=ShopifyPlusPartnerDirectory
shopify	wemotif	https://wemotif.com/
shopify	roswell-studios	https://roswell.nyc/
shopify	liquidretailer	-
shopify	dyode-inc	https://www.dyode.com/
shopify	whatarmy	-
shopify	ecomfixr	https://ecomfixr.com/
shopify	marqade	https://marqade.com/
shopify	adonai-soap-by-saemely2	-
shopify	developer-38ec581b33baf430	https://www.qodequay.com/
shopify	carol-nogueira-consulting	http://www.badentrepreneur.com/
shopify	ali-butt	https://axiabits.com/
shopify	cc101-productions	http://www.cc101studios.com/
shopify	linuxbean	https://stevesailab.com/
shopify	moose-may-llc	https://moosemay.com/
shopify	intelli-aitrillion-technologies-private	https://www.aitrillion.com/
shopify	rezolutionsdesign	https://bit.ly/RezDesign
shopify	dayanarie-baez1	https://www.smartnetworkpr.com/
shopify	chosen6-digital-agency	https://www.chosen6.com/
shopify	shoptiques-inc1	https://www.materialretail.com/
shopify	flobor	https://www.impression-studios.com/
shopify	meet-domaine	https://domaineworldwide.com/
shopify	ea-goats1	https://www.binaery.com/
shopify	dovr-media	https://www.dovrmedia.com/
shopify	aloumere-llc	-
shopify	ivan-wine	http://yourfactotum.com/
shopify	meuth-design	-
shopify	brand-on-demand-inc	http://www.supliful.com/
shopify	the-branding-folk	https://brandingfolk.com/
shopify	bulltheme	https://bulltheme.com/
shopify	makkpress-technologies	https://makkpress.com/
shopify	kazi-experts	-
shopify	blue-stout	https://bluestout.com/
shopify	naturality-digital	https://naturality.io/
shopify	penguinecommerce	https://www.penguinecommerce.com/
shopify	gapsoe-digital	https://gapsoedigital.com/
shopify	gs-web-design	-
shopify	powr-io	https://www.powr.io/
shopify	creango	-
shopify	simply-lynns-marketing	https://www.simplylynnscreative.com/
shopify	trailblaze-media	https://www.trailblazemedia.com/
shopify	wallaroo-media	https://wallaroomedia.com/
shopify	yassin-safari	-
shopify	anatta1	https://anatta.io/?utm_source=partner-directory
shopify	commercepundit	https://www.commercepundit.com/
shopify	vladimir20	-
shopify	onedovelabs	https://www.onedovelabs.com/
shopify	gomage-inc	https://www.gomage.com/
shopify	fi-performance	https://fiperformance.com/collections/fip-web-development-services
shopify	staylime	https://staylime.com/
shopify	virtual-diamond-boutique	https://www.vdbapp.com/
shopify	emberwebs	https://emberwebs.com/
shopify	bohemiandchic	-
shopify	hidden-gears	https://www.hiddengears.com/
shopify	intelligems	https://www.intelligems.io/
shopify	golden-digital	https://www.goldendigital.co/
shopify	clairas-consulting-co	http://www.cobaltcoffindesign.com/
shopify	retail-force	https://briskcodes.com/
shopify	view-source-studio	https://view-source.com/
shopify	hazil-studios-llc	https://hazil.studio/
shopify	solver-collective	https://solvercollective.com/
shopify	tomorrows-designs	https://tomorrowsdesigns.com/
shopify	bluedge	https://bluedgeusa.com/
shopify	lion-ecom-agency	https://lionfashionagency.it/
shopify	mtn-haus-digital	https://mtnhaus.co/?utm_source=ShopifyPlusPartnerDirectory
shopify	pixelsupply	-
shopify	juicyorange	-
shopify	barrel	https://www.barrelny.com/
shopify	louis-co	-
shopify	set-up-shop2	https://www.shopdogsupport.com/
shopify	zeekee	https://superpath.com/
shopify	sdg	https://www.sdg.la/
shopify	camp-doug	-
shopify	active-club-solutions-inc	https://activ8commerce.com/
shopify	jackson-s	-
shopify	seeed	https://seeed.us/
shopify	helix-solutions	https://helix-solutions.ai/
shopify	dualsided	-
shopify	digital-cubed	https://www.digitalcubed.com/
shopify	fortify-your-business	http://www.fortifiedagency.com/
shopify	flugelconsulting	https://gildgroup.com/
shopify	myprojectsolution	http://www.myprojectsolution.net/
shopify	ultradevelopers	https://webuildbrand.com/
shopify	acadiaio	https://acadia.io/
shopify	moonlit-marketing	https://moonrise.agency/
shopify	lorennzo-faciane	-
shopify	the-pages-media	https://www.thepagesmedia.com/
shopify	bravosolo	https://buck98.com/
shopify	dpt	https://enkomion.com/
shopify	curious-themes	https://curiousthemes.com/
shopify	wowsolutions	https://www.wowsolutionsagency.com/
shopify	checkout-collective	-
shopify	bilalzaibstudios1	https://imagyn.co/
shopify	ebizon-shopify	https://www.ebizondigital.com/ecommerce/
shopify	always-open-commerce	https://alwaysopencommerce.com/
shopify	sltwtr-creative-agency	https://sltwtr.com/
shopify	searchboxed	https://ecommerceify.com/
shopify	bluebolt-inc	https://www.blueboltsolutions.com/partners
shopify	lexim-it-corp	https://lexim.net/
shopify	ehousestudio	https://www.ehousestudio.com/services
shopify	shipperhq	https://shipperhq.com/s-plus?utm_campaign=core-tracking-external-partner-pages&utm_source=spd&utm_medium=referral
shopify	monkedia	https://www.monkedia.com/
shopify	ecom-green	https://logicalgecko.com/
shopify	multiinsight2	https://www.multiinsight.com/
shopify	cascadia-consulting	https://www.sodawebmedia.com/?utm_source=expertdirectory
shopify	hauser-consulting	https://clarity.fm/ajhauser
shopify	tybo-agency2	https://tybo.agency/
shopify	battalion-commerce	https://skigen.digital/
shopify	shopxcommerce	https://shopxcommerce.com/
shopify	blackthorn-publishing	https://blackthornpublishing.com/
shopify	ajm-llc2	-
shopify	thirdandgrove	https://www.thirdandgrove.com/?utm_source=Sh0pifyPlusPartnerDirectory
shopify	creatif	-
shopify	revenue-river	https://www.instrumental.net/
shopify	ascend-marketing-llc	https://ascendmarketingatl.com/
shopify	forge-digital-marketing	https://forgedigitalmarketing.com/
shopify	freshwater1	https://freshwater.dev/
shopify	pxl-supply-co	https://pxlsupply.co/
shopify	designweblabs	-
shopify	codup	https://codup.co/
shopify	bteacademy	https://monlatic.com/
shopify	manufactur	https://manufactur.co/
shopify	grapevine-local-food-marketing	https://www.grapevinelocalmarketing.com/
shopify	human-element6	https://www.human-element.com/
shopify	crookedyouth	https://crookedyouth.co/
shopify	mr-web-x	https://asimahmad.us/
shopify	plandico	http://plandico.com/
shopify	artefactor-company-llc	https://www.artefactor.co/
shopify	icepop	https://icepop.co/
shopify	shapetech	https://shapetechsolutions.com/
shopify	opal-designs-co	-
shopify	the-branding-store1	https://nuthaus.agency/
shopify	maltertech-llc	https://maltertech.com/
shopify	developer-f0bd62b03ee20840	https://www.co-curator.com/
shopify	mind-corp	https://minddigitalbusiness.com/
shopify	kwik4	https://kwik.com/
shopify	253-media	https://www.253media.com/
shopify	erik-silver	-
shopify	true-north-social	https://truenorthsocial.com/e-commerce-website-design-company/
shopify	dropbuild	https://www.dropbuild.com/
shopify	darkroom	https://www.darkroomagency.com/
shopify	dudesonsite	-
shopify	wren-digital	https://wren-digital.com/
shopify	bear-branded	https://www.bearbranded.com/
shopify	the-taproom	https://thetaproom.com/
shopify	brick-to-click-consulting	http://rocket.enterprises/
shopify	platter	https://platter.com/
shopify	bitbranding	https://www.bitbranding.co/
shopify	anywaydesigns	-
shopify	cormarketing	https://corcommerce.com/
shopify	sam-barrante	https://www.sambarrante.com/
shopify	h-voltage	-
shopify	lyndsey-woods	https://www.polishedcode.com/
shopify	austin-hutchison	-
shopify	zaneray	https://datmos.com/
shopify	planetx-technologies	-
shopify	ecom-department	http://www.ecomdepartment.com/
shopify	candela2	https://candela.io/
shopify	openthinkgroup	https://openthinkgroup.com/
shopify	able-canyon-llc	https://www.ablecanyon.com/
shopify	blessing4u	https://portal.jessunlimited.com/public/jess-unlimited/experts
shopify	solo-creative1	https://solocreativeny.com/
shopify	debutify	https://www.debutify.com/
shopify	uncommon-agency	https://www.uncommonagency.co/
shopify	centry2	https://maybiswebdesign.com/
shopify	rmg-media-llc	https://www.rmgmedia.com/
shopify	untitled-era	-
shopify	orange-web-group-llc	https://orangewebgroup.com/
shopify	developer-3873bf1f6423c796	https://eniture.com/
shopify	whiteunicornagency	https://whiteunicornagency.com/
shopify	aims360	http://www.aims360.com/
shopify	doe-media-agency	https://doemedia.com/
shopify	montecito-web-design	https://kylelewisdesigns.com/
shopify	keith-thompson	https://keiththompson.studio/
shopify	coloredbyte	https://www.coloredbyte.com/
shopify	appjetty	https://www.appjetty.com/
shopify	avalon-solution	https://www.avalonsolution.com/
shopify	kairos-labs1	https://www.abconvert.io/
shopify	fresh-water-designs	https://freshwater.dev/
shopify	smartsites2	http://www.smartsites.com/
shopify	wolfpoint	https://www.wolfpointagency.com/
shopify	uplone	https://uplone.com/
shopify	on-sight-strategy	https://on-sight.co/
shopify	graydian	https://graydian.com/
shopify	amplify-media-strategies	https://www.amplifymediastrategies.com/
shopify	cardinal-creative-agency	https://cardinal.agency/
shopify	kfds	https://studiofulchi.com/
shopify	shhstudios	https://www.shhstudios.com/
shopify	allure-software-inc1	https://www.allurecommerce.com/
shopify	sudad-llc	-
shopify	zoomyapps	https://zooomyapps.com/
shopify	power-commerce1	https://www.powercommerce.com/
shopify	prestige-pro-media	http://www.prestigepromedia.com/
shopify	abovemarket	-
shopify	snapshotdesignllc	https://www.snapshotdesign.com/
shopify	rundtc-llc	https://www.rundtc.com/
shopify	bamboo-digital	https://bamboodigital.io/
shopify	n13	https://www.narvar.com/?utm_source=ShopifyPlusPartnerDirectory
shopify	adriana-samra	https://atwebtechnology.com/home
shopify	gsati	https://vibedigital.marketing/
shopify	ecdigital-strategy	https://www.ecdigitalstrategy.com/
shopify	companybe	http://www.companybe.com/
shopify	snap-designs	-
shopify	blm3	https://loudr.agency/
shopify	acadaca	https://www.acadaca.com/
shopify	millshawkins	https://modeofproduction.com/
shopify	wollson	https://www.wollson.co/
shopify	brightpearlcommerce	https://brightpearlcommerce.com/
shopify	riseonlinemarketing	https://www.riseonlinemarketing.com/
shopify	spase-inc	https://spase.io/
shopify	pixc	-
shopify	lifle	https://dusoftllc.com/
shopify	jesse-meyers-consulting	-
shopify	demandpdx	https://www.demandpdx.com/
shopify	autods	https://www.autods.com/
shopify	handwoven-industries	https://www.handwovenindustries.com/
shopify	hiveb2x	https://www.hiveb2x.com/
shopify	wim-tubbax	https://www.designbybold.com/
shopify	blankandcompany	https://shopform.io/
shopify	hawke-media	http://www.hawkemedia.com/?utm_source=ShopifyPlusPartnerDirectory
shopify	jasontrimble-design	https://www.upwork.com/freelancers/jasontrimble
shopify	webmedia5	https://webmedia.ai/
shopify	big-red-jelly2	https://bigredjelly.com/?utm_source=shop-marketplace
shopify	emile7	https://digitaldezk.com/
shopify	shopify-web-design	https://cronixweb.com/
shopify	pixels-made	https://pointerflow.com/
shopify	webyaam	https://webyaam.com/
shopify	thebeyondgroup	https://thebeyondgroup.la/?utm_source=ShopifyPlusPartnerDirectory
shopify	daniella-gershon	https://www.thecurateculture.com/
shopify	westcode-llc	https://westcodepr.com/
shopify	brian1	https://briandesposito.com/
shopify	weblew	https://weblew.com/
shopify	ecomintegrate-llc	https://intelligentecom.com/
shopify	verbalplusvisual	https://vpv.co/
shopify	magneto-it-solutions-pvt-ltd	https://magnetoitsolutions.com/
shopify	ruben-campos-website-design-company	https://rcwebsitedesigncompany.com/
shopify	perfect-evolution-llc	https://www.perfectevolution.com/
shopify	kacee-lillie-boutique	https://www.pinkwiresociety.com/
shopify	fulfil-io	https://www.fulfil.io/
shopify	peachy4	https://www.wearepeachy.com/
shopify	the-mediagale1	https://themediagale.com/
shopify	tu-apoyo-virtual	https://www.tuapoyovirtual.com/
shopify	rsm-us-llp	https://www.rsmus.com/services.html
shopify	johnny-mccrary	https://emberandgrid.com/
shopify	lemonade-ny	https://lemonade.nyc/
shopify	nownow	-
shopify	ad-designs4	https://devsplus.com/
shopify	pkpioneer	https://pkpioneers.com/
shopify	bloomreach1	http://www.bloomreach.com/
shopify	surf-and-snow-collective	https://surfandsnowcollective.com/
shopify	sparky-us	http://www.sparky.us/
shopify	ecom-champs-mm-llc1	https://www.ecommchamps.com/high-ticket-branded-store
shopify	omar-genao	-
shopify	metacake	https://metacake.com/
shopify	cindershot-development	-
shopify	gridandpixel	https://gridandpixel.com/
shopify	apc2	https://www.apc-pli.com/
shopify	swerdlove	https://translatorhq.net/
shopify	pvit-labs-inc1	https://pivotmade.com/?utm_source=PartnerDirectory
shopify	1ecommerceagency	https://1ecommerceagency.com/
shopify	asymmetry	-
shopify	wickcreative	https://wickcreative.com/
shopify	audrey-saccone	https://www.audreydigital.co/
shopify	seo-expert	-
shopify	revamp	https://www.revampco.com/development/
shopify	endara-media1	https://endaramedia.com/
shopify	conversion-bear	https://www.conversionbear.com/
shopify	bggy	https://baggy.studio/
shopify	boosterdemo	https://boostertheme.com/
shopify	euphoria13	https://www.bayhavendigital.com/
shopify	contara-llc	https://www.contara.com/
shopify	built-best	https://builtbest.co/
shopify	frengee2	https://www.frengee.com/
shopify	claudiu-cioba-design-srl	https://videowise.com/
shopify	sama-labs	-
shopify	w3-affinity	https://w3affinity.com/
shopify	aurorawho	-
shopify	convermax	https://convermax.com/
shopify	marchburn	-
shopify	arcticleaf	https://www.arcticleaf.io/
shopify	skuagency	http://www.skuagency.com/
shopify	upper-hand-social1	https://www.disputifier.com/
shopify	inverse-paradox	https://www.inverseparadox.com/
shopify	gs3-holdings-co-llc	https://gs3.io/
shopify	vastraly	https://decimal.io/
shopify	artone	-
shopify	avenue-z	https://avenuez.com/
shopify	https-apps-shopify-com-partners-livearf	https://livearf.com/
shopify	maze-consulting	http://www.themazegroup.com/?utm_source=ShopifyPlusPartnerDirectory
shopify	upsellplus	https://www.upsellplus.com/
shopify	speed-boostr-services	https://speedboostr.com/
shopify	teste173	https://www.oowlish.com/services/e-commerce
shopify	black-black	https://www.blackandblackcreative.com/
shopify	first-pier	https://www.firstpier.com/
shopify	graybox	https://graybox.co/
shopify	electriq-marketing	https://buildwithamplify.com/
shopify	shipaid	https://shipaid.com/
shopify	beargroup	https://www.beargroup.com/?utm_source=ShopifyPlusPartnerDirectory
shopify	free-state-group	https://freestategroup.com/
shopify	yusuf-shurbaji	https://prismfly.com/
shopify	arya-creative	https://aryacreativeco.com/
shopify	q3-digital	http://www.qdlagency.com/?utm_source=ShopifyPlusPartnerDirectory
shopify	bryan-alipio	-
shopify	launchparty	https://launchparty.live/
shopify	nick-perry	https://www.unrestrainedcommerce.com/
shopify	fanbase	https://www.getroster.com/
shopify	human-nyc-llc	https://human-nyc.com/
shopify	smakk-studios	-
shopify	cavallo-agency	https://couturecommerce.com/
shopify	group-8a	-
shopify	buzzbassador	https://buzzbassador.com/
shopify	thunder-tech	https://www.thundertech.com/
shopify	inspire-graphic-solution-marketing	https://inspiregsm.com/
shopify	enormapps	https://www.enormapps.com/
shopify	productgraph	-
shopify	wonderful-collective	https://wonderful.io/
shopify	cranktank	https://cranktank.net/
shopify	newthink	https://www.newthink.com/
shopify	keith-hardisty	https://www.keithhardisty.com/
shopify	rnftechnologies	https://www.resourcifi.com/
shopify	on-twelve-management-consulting1	http://www.ontwelvemgmt.com/
shopify	akersdigital	https://akersdigital.com/
shopify	rowby-goren	-
shopify	infinitycreatives	-
shopify	fragile-llc	http://www.alleyoopco.com/
shopify	strider-llc	https://striderseo.com/
shopify	swiftotter-inc	https://swiftotter.com/
shopify	nkn-designs	https://nknwebdesign.com/
shopify	eblin-creative	https://wearemage.com/
shopify	alt-media-studios	https://www.amst.com/
shopify	selleract	-
shopify	expo-86-design-co	http://expo86.co/
shopify	alleyway	https://www.visualquizbuilder.com/
shopify	talentpop	https://www.talentpop.co/
shopify	vividfront	https://vividfront.com/
shopify	findcanary	https://findcanary.com/
shopify	jahmorly	https://culturalrelevance.com/
shopify	networkinglounge	-
shopify	staffonly	-
shopify	the-growth-co2	https://theneworder.co/
shopify	skratchpaper	https://skratch.co/
shopify	gocommerce6	https://calendly.com/commercecaddie-info/30min?preview_source=et_card&month=2025-02
shopify	boostengo-com	https://www.boostengo.com/
shopify	popnod	https://www.popnod.com/
shopify	digitorm1	https://www.digitorm.com/
shopify	corra	https://www.publicissapient.com/
shopify	taxbutler	-
shopify	command-c	https://www.commandc.com/
shopify	digital-product-labs	https://www.dpl.company/
shopify	agwop	https://agwop.com/
shopify	aaron-kantrowitz	https://aaronkantrowitz.com/
shopify	32f-studio	https://tectonic.so/
shopify	tumbleweed-pdx	-
shopify	xee2	-
shopify	sweden-unlimited	http://www.swedenunlimited.com/
shopify	gifted-app-inc	https://govalo.com/
shopify	designs-on-the-go-llc	https://www.designsonthego.store/
shopify	forix-llc	https://forixcommerce.com/
shopify	varo-advisors	http://www.brandstack.co/
shopify	tangent1	https://tangent.ai/
shopify	sirge-io-llc	https://try.sirge.com/
shopify	fashion-photographer-los-angeles	https://vrset.com/
shopify	tako-agency	-
shopify	momenta-media	https://proteusdigitallab.com/
shopify	pure-strategic	-
shopify	bvaccel	https://www.accenture.com/us-en/about/accenture-song-index
shopify	lightspace-creative1	https://lightspace.com/
shopify	form-factory	https://www.formfactory.dev/
shopify	techtic-solutions-inc1	https://www.techtic.com/
shopify	mawlin	-
shopify	dtc-pages	https://www.dtcpages.com/
shopify	brooks-creative-studio2	https://brookscreativestudio.com/
shopify	lakeside-marketing-llc	https://madebylakeside.com/
shopify	design-baton-rouge	https://www.remiah.com/
shopify	shipdudes	https://www.shipdudes.com/
shopify	apptile-io	https://shorturl.at/7SYx3
shopify	tedia-inc	https://www.tedia.consulting/
shopify	grrat	https://aswebdesigner.com/
shopify	scgref	-
shopify	avatria-inc	https://www.avatria.com/
shopify	mazhar-rasheed	-
shopify	travishaynes	-
shopify	fan-fuel	https://www.fanandfuel.com/
shopify	altura-innovation	https://www.alturainnovation.com/
shopify	storm-brian	https://stormbrain.com/
shopify	ppwd1	https://www.ppwd.com/
shopify	moss-ecommerce-management	https://mossecommerce.com/
shopify	awaken-design-company	-
shopify	digiop	https://www.85sixty.com/
shopify	sonic-digital-marketing	https://www.sonicdigitalmarketing.com/
shopify	basica-latam-llc	https://basica.us/
shopify	elumynt	https://www.elumynt.com/
shopify	khearte-pr	-
shopify	atelier-commerce	https://ateliercommerce.com/
shopify	syvantis-technologies-inc3	https://www.syvantis.com/
shopify	attn-digital-agency	https://www.attnagency.com/
shopify	work-studio	http://twistystudios.com/
shopify	spaceshop	https://iconcommerce.com/
shopify	spevack-loeb	https://studio.sl/
shopify	daily-mentor2	https://dailymentor.co/
shopify	blucksy-dev	https://taw.vision/
shopify	lda-interactive	https://ldainteractive.com/
shopify	cko-designs	-
shopify	david-ricardo-inc	https://getricardo.com/
shopify	future-holidays	http://futureholidays.co/
shopify	forest-city-digital-llc	https://forestcitydigital.com/
shopify	maxburst-web-design-development-agency	https://www.maxburst.com/
shopify	carbon-creative	-
shopify	onerockwell	https://1r.agency/
shopify	mwwared	https://mwwared.com/en
shopify	element-eleven	-
shopify	cedarsphere	https://www.cedarsphere.com/
shopify	tamela-strandz	https://calendly.com/webmastersatlanta/consultation-with-atlanta-web-dev
shopify	razor-creative-labs	http://www.razorcreativelabs.com/
shopify	cultura-interactiva-llc2	https://culturainteractive.com/
shopify	ezcommerce1	https://ezcommerce.us/
shopify	channelwill2	https://www.channelwill.com/
shopify	apptage-llc	https://www.apptage.com/
shopify	casey-bennett	-
shopify	kensium16	https://www.kensium.com/
shopify	pixelrocket	-
shopify	aleksandr	https://www.refersion.com/?utm_source=SPlusPartnerDirectory
shopify	ever-north-llc	https://www.creatorsecom.com/
shopify	llama-commerce-llc	https://llamacommerce.io/
shopify	media-wire-marketing-inc1	https://brand.co/
shopify	terrihustles	https://www.angelswhohustle.com/
shopify	jessica-winnie	https://bywinnie.co/
shopify	levitate-foundry	https://levitatefoundry.com/?utm_source=ShopifyPlusPartnerDirectory
shopify	chdiad	https://ecommerceaccelerators.com/
shopify	lot-22-media	https://www.lot22media.com/
shopify	anchor-design-business-consulting	https://www.anchordbc.com/
shopify	axented	https://www.axented.com/
shopify	win-local2	https://searchauto.app/
shopify	fast-track-web-group	https://cotique.media/
shopify	ottit-inc	https://www.ottit.com/
shopify	plus972group	https://plus972.com/
shopify	intevity	https://www.intevity.com/
shopify	bluetuskr	https://www.bluetuskr.com/
shopify	aesymmetric	https://aesymmetric.xyz/
shopify	smartlab	https://www.codeandspade.com/
shopify	42-technologies	https://www.42technologies.com/?utm_source=ShopPartnerDirectory
shopify	24-7-solutions	https://ecomswiftllc.store/
shopify	nishan-corp-ltd	https://ecomdreamz.com/
shopify	collective-fab	-
shopify	red-dirt-queen	https://theheartscreative.com/
shopify	driver-digital	http://www.driver-digital.com/
shopify	hyperlinks-media-llc	-
shopify	digicorns-technologies	https://digicorns.com/
shopify	saul-bretto	http://www.caracas2go.co/
shopify	bungalow-creative	https://www.bungalowcreative.co/
shopify	eastmont	https://eastmontdigital.com/
shopify	common-good-design	http://midsummer-studio.com/
shopify	cdevtech	-
shopify	orionconcepts	-
shopify	insight-designs-web-solutions	https://insightdesigns.com/
shopify	bazzimedia	-
shopify	mhdesign	-
shopify	accountfully1	https://www.accountfully.com/
shopify	550877	-
shopify	atmosol	https://atmosol.com/
shopify	the-plum-tree-group	-
shopify	roi-revolution	http://www.roirevolution.com/?utm_source=ShopifyPlusPartnerDirectory
shopify	kondasoft	https://www.kondasoft.com/
shopify	diffactory	-
shopify	guidance	https://www.onemagnify.com/
shopify	omnycode	https://omnycode.com/
shopify	kstiger	https://kstiger163.wixsite.com/mysite-1
shopify	36creative	https://36.agency/
shopify	chameleon5	https://chameleoncollabo.com/
shopify	zero-studios	https://zero.nyc/
shopify	technopulse	https://technopulse.co/
shopify	bondfire-inc	https://www.bf.inc/
shopify	easton-digital	-
shopify	only-solutions-llc	https://www.onlysolutionsllc.com/
shopify	channelize-io	https://channelize.io/
shopify	aquila-creative	https://useaquila.dev/
shopify	sufidigitals2	http://www.sufidigitals.com/
shopify	ellym	https://launchsupply.com/
shopify	perficient14	https://www.perficient.com/
shopify	adquadrant	https://www.adquadrant.com/?utm_source=ShopifyPlusPartnerDirectory
shopify	nicolas-p	https://www.malt.fr/profile/nicolasperpette
shopify	outliant1	-
shopify	themefast	-
shopify	hypewell-media	https://www.hypewell.com/
shopify	trellisinc	https://trellis.co/
shopify	gangez	-
shopify	ryan-silva	https://ryansilvabuilt.com/
shopify	dvp	https://rafteltech.com/
shopify	retail-dimensions-inc	https://retaildimensions.com/
shopify	digital-nomad-designs	https://digitalnomaddesigns.com/
shopify	outline	https://bykinful.com/
shopify	classy-llama-studios-llc	https://classyllama.com/
shopify	makeolix-consulting-pvt-ltd	https://www.makeolix.com/
shopify	defymarkeitng	https://digitalindustry.co/
shopify	silk-software-corp	https://www.silkcommerce.com/
shopify	juice	-
shopify	bismuth	-
shopify	acres-of-diamonds	https://www.getscalo.com/
shopify	effigy-agency	https://effigy.agency/
shopify	plutonio-studio	https://plutoniostudio.com/
shopify	alright-studio	https://alright.studio/
shopify	sitara-collections	https://dtcgrowthpartners.com/
shopify	deckd-media	http://www.deckdmedia.com/
shopify	shopmakergroup	https://www.shopmakergroup.com/
shopify	proudworks	https://www.dotarus.com/
shopify	ender-technology	https://endertech.com/
shopify	statbid	https://statbid.com/
shopify	exhibea-hello	https://exhibea.com/
shopify	cosmatify	https://www.cosmatify.com/
shopify	ziffity-solutions-llc2	https://www.ziffity.com/
shopify	vi-insite-llc	http://www.revampdmarketing.com/
shopify	fmdevelopment	https://www.fmdevelopment.com/
shopify	thinkom-digital	https://thinkomdigital.com/
shopify	integralparts	https://integralparts.com/
shopify	sv-media	https://digitalpeaks.net/
shopify	silvera-enterprises	https://striveenterprise.com/
shopify	mht-media2	https://www.mhtmedia.com/
shopify	crawford-consulting	https://crawford.cc/
shopify	tech-andaz-inc2	https://techandaz.com/
shopify	zaelab	https://www.zaelab.com/
shopify	cherry-bekaert-llp1	-
shopify	hagopi	https://tattooprojects.com/
shopify	web-marketing-venezuela	http://www.agenciawmglobal.com/
shopify	studio-31-s-a	https://www.studio31.io/
shopify	datalabs-solutions	https://datalabssols.com/
shopify	voltage-advertising	-
shopify	rsbd	https://elisanellis.com/ecom/
shopify	wilco-web-llc	https://teamwil.co/
shopify	optimum7	https://www.optimum7.com/
shopify	omkar-sahebrao-bhalekar	-
shopify	a-bunch-of-creators1	https://www.abunchofcreators.com/
shopify	edition-studios	https://editionstudios.com/
shopify	7q81	-
shopify	sass-not-optional	https://www.cjcdynamicsolutions.com/
shopify	lighthousecommerce	https://lighthousecommerce.com/
shopify	ecommerce-partners4	https://ecommercepartners.com/
shopify	fronczkiewicz	http://afpistudio.com/
shopify	arc4-consulting-inc	https://www.arc4.com/
shopify	mcfadyen-digital7	https://mcfadyen.com/
shopify	voice	http://twincitiesprint.com/
shopify	sewmuchcommerce	-
shopify	wattsup-customs	-
shopify	moxie-sozo	https://moxiesozo.com/
shopify	dxagency3	-
shopify	whitelabeled-media	http://whitelabeledmedia.com/
shopify	braun-design-co	https://braundesign.co/
shopify	anchour	https://www.anchour.com/
shopify	ecommerce-storez1	https://www.teknoteksolutions.com/
shopify	lim-media	https://golim.com/
shopify	impremis-marketing-llc	https://impremis.com/
shopify	vt-netzwelt2	https://www.vtnetzwelt.com/
shopify	if-this-then-data	https://ittd.com/
shopify	lmgo	https://lmgo.com/
shopify	p1commerce	https://p1commerce.com/
shopify	agustin-upwork	https://www.novoid.com/
shopify	northern-utah-creative-services-llc	https://hour51.com/
shopify	create-cx	https://www.createcx.co/
shopify	eira-rangel	https://qodespace.com/
shopify	dept-us2	https://www.deptagency.com/solutions/commerce/
shopify	tatum-design-studios2	https://www.tatumdesignstudios.com/
shopify	seota-digital-marketing	https://seota.com/
shopify	handstand-codes	https://handstand.codes/
shopify	crush-suite	https://crushsuite.com/
shopify	deloitte	https://www.deloittedigital.com/us/en.html
shopify	skematic-llc	https://www.skematic.nyc/
shopify	borderless-d2c	https://www.locallea.com/
shopify	cirro	https://studio-otto.com/
shopify	kaizen-social	https://thebullseye.agency/
shopify	ninjatemplates	https://ninjatemplates.com/
shopify	fast-media-pr	https://www.instagram.com/fastmediapr/
shopify	love-my-closet-llc	http://www.thenevarmoore.com/
shopify	high-seas-design-house	-
shopify	anchor-group	https://www.anchorgroup.tech/
shopify	jeremyjohnson	https://levelfiveten.com/
shopify	digitawise1	https://www.canesta.com/
shopify	tracy-donovan-consulting	-
shopify	techmates-group-llc	http://www.tmg.io/
shopify	info	-
shopify	ocdesignsonline	https://www.ocdesignsonline.com/
shopify	tavano-team	https://tavanoteam.com/
shopify	ilana-davis-llc	https://www.ilanadavis.com/
shopify	sqshot	-
shopify	fisher-technology	http://www.fisher-technology.com/
shopify	shero	https://sherocommerce.com/
shopify	all-your-ducks-inc	https://allyourducks.com/
shopify	ameer-hamza1	-
shopify	twopointoh	-
shopify	developer-7a4196e931ac2c8f	https://fullstackshop.com/
shopify	wasserman-digital	http://digital.teamwass.com/
shopify	gapstow-design	https://www.gapstow.co/
shopify	artisanwebcraft	https://topshelfbrands.io/
shopify	the-foda-farm	https://brandname.is/
shopify	philly-marketing-labs	http://www.phillymarketinglabs.com/
shopify	peak-activity4	https://peakactivity.com/
shopify	visionet-systems1	https://www.visionet.com/
shopify	goodness-inc	https://www.goodness.inc/
shopify	fracture-digital	https://fracturedigital.com/
shopify	hero-digital	https://www.hugeinc.com/
shopify	red-van	https://www.redvanworkshop.com/
shopify	cb-i-digital-inc	https://www.cbidigital.com/
shopify	maria-ventosa	https://www.mariaventosa.com/
shopify	vokab-technologies	https://getmason.io/
shopify	1digitalagency	https://www.1digitalagency.com/
shopify	southerly-digital	https://www.southerlydigital.com/
shopify	aei	https://www.axis80.com/
shopify	camp-quiet	-
shopify	ecommerce-maven-llc	https://mavendigitalagency.com/
shopify	immaculate17	https://immaculate.dev/
shopify	technweb-inc2	https://technweb.com/
shopify	cart-com3	-
shopify	sensus	https://emotive.io/?utm_source=ShopifyPlusPartnerDirectory
shopify	em-marketing-llc	https://emiliemartinez.com/
shopify	mp-designs2	https://www.facebook.com/profile.php?id=100077110434618
shopify	the-charis-culture	https://work.thecharisculture.com/
shopify	kady-brandwein	https://www.kadybrandwein.com/
shopify	genpact-experience	https://www.genpact.com/services/experience
shopify	sunnyside-collective	https://www.sunnysidecalifornia.com/
shopify	mars-public-relations	-
shopify	nikommerce1	https://www.theethosteam.com/
shopify	bowst	https://www.bowst.com/
shopify	voicefront	https://hellorep.ai/
shopify	pactx1	https://pactx.com/
shopify	styledaf-consulting	https://www.elevated-ecommerce.com/
shopify	first-and-third	https://firstandthird.com/shopify/?utm_source=ShopifyPlusPartnerDirectory
shopify	the-bubble-bee-co	-
shopify	db-designs3	https://www.getbrandedd.com/
shopify	hannah-carver-marketing-consulting	http://www.carvercreative.co/
shopify	lower-cross	https://lowercross.com/
shopify	dbny	https://www.madebydas.com/
shopify	twin-oaks-technology	https://www.twinoakstech.com/
shopify	amber-seagraves-co	https://studioseagraves.com/
shopify	negative-space1	https://negativespace.dev/
shopify	a-duane-g-visual-llc	-
shopify	robin-lee-llc	https://www.robinleeinnovations.com/
shopify	britecode	https://britecode.io/
shopify	digi-craft	-
shopify	dibble	https://www.dibbledevelopment.com/
shopify	cape-consulting-companies-llc	https://www.thecapeconsulting.com/
shopify	digital-lofts	https://digitallofts.com/
shopify	epam3	https://www.epam.com/
shopify	iovista2	https://www.iovista.com/
shopify	aumcore1	https://www.aumcore.com/
shopify	bigtuna-interactive	-
shopify	syndell-technologies-pvt-ltd2	https://syndelltech.com/
shopify	ldx-marketing	https://ldxmarketing.com/
shopify	springs-digital	https://springsdigital.com/
shopify	stephanie-corrigan	https://stephcorrigan.com/
shopify	commencestudio	https://commence.studio/
shopify	spawned-llc-dba-moment	https://sameeranand.com/
shopify	outcode-software6	https://www.outcodesoftware.com/
shopify	veeqo	https://www.veeqo.com/integrations/shopify-plus?utm_source=ShopifyPlusPartnerDirectory
shopify	qbc	http://pixelnamics.com/
shopify	bemeir-llc	https://bemeir.com/
shopify	danielle-taylor	https://www.dlynthebrand.com/
shopify	ixhault-llc	https://www.ixhault.com/
shopify	taurus-trading-service-llc1	http://www.tauruscreative.us/
shopify	dsk-web-solutions	-
shopify	electric-enjin1	https://electricenjin.com/
shopify	swiftkick-web	https://swiftkickweb.com/
shopify	jasoncarrigan	https://merchantsuccessplus.com/
shopify	envoy2	https://www.weareenvoy.com/services/commerce
shopify	sell-from-anywhere-llc	https://sellfromanywhere.com/
shopify	cognizant-technology-solutions1	https://www.cognizant.com/in/en
shopify	metricdigital	-
shopify	halo-media-llc	https://halopowered.com/
shopify	motorcycles-boats-and-accessories-llc	https://coretechlab.us/
shopify	daniel-smart-mfg	https://www.renegadeexperts.com/
shopify	pioneer-bevcom1	http://www.pioneerbev.com/
shopify	dezerv2	https://www.dezerv.co/
shopify	ambigram-group-llc	https://gafaro.co/
shopify	sandcastle-interactive-llc	https://sandcastle-web.com/
shopify	captains-cowboys1	https://captainsandcowboys.com/
shopify	conversion-hunters-corp1	https://longislandseo.marketing/
shopify	yuya-parker-photography	-
shopify	lucas-vocos	https://buena-suerte.studio/
shopify	beviyanswork	http://thedesignqueen.com/
shopify	builtwithsunny	https://www.builtwithsunny.com/
shopify	vsible-agency	https://www.sobefy.com/
shopify	never-settle4	https://www.neversettle.it/
shopify	ycs-consultants	https://ycs-consultants.com/
shopify	iskpro1	https://www.iskpro.com/
shopify	paper-tiger	https://papertiger.com/
shopify	virid	https://www.virid.com/?utm_source=ShopifyPlusPartnerDirectory
shopify	youtech3	https://www.youtechagency.com/
shopify	spinturnix	-
shopify	privy-operations-llc	https://www.privy.com/
shopify	huemor-designs-llc	https://huemor.rocks/services/shopify-website-design/?utm_source=ShopifyPlusPartnerDirectory
shopify	hermes-nextec	https://borderguru.io/
shopify	aptimized-llc	https://www.aptimized.com/
shopify	mint-lane-studio2	https://mintlanestudio.com/
shopify	twofold-media-llc	https://wearetwofold.com/
shopify	advancify	-
shopify	skyler-co	https://citizensofthesky.com/
shopify	fred-lundin-cpa-llc	https://www.fredlundincpa.com/
shopify	ecom-dropshipping	https://alidropstore.com/
shopify	elva-digital-agency	https://www.thirdandgrove.com/?utm_source=Sh0pifyPlusPartnerDirectory
shopify	illusioneers	-
shopify	growth-scalers	https://growthscalers.com/
shopify	allora	https://alloracro.com/
shopify	dotcomweavers1	https://www.dotcomweavers.com/
shopify	westmount-solutions-inc	https://westmountsolutions.com/
shopify	whatever-industries	https://www.whateverindustries.com/
shopify	axacraft	https://www.axacraft.com/
shopify	the-evolution-7	https://theevolution7.com/
shopify	marshmueller	https://ecommercearcade.com/
shopify	jonny-hicks	https://47pixels.com/
shopify	thinknerve	https://thinknerve.com/
shopify	permalight-nyc	https://permalightnyc.com/
shopify	jiva-infotech-inc-dba-i95dev2	https://www.i95dev.com/
shopify	klickclack	-
shopify	levar	-
shopify	responsive-web-soultions	https://builtresponsive.com/
shopify	qcmmedia	https://qcmmedia.com/
shopify	crimson-agility2	https://crimsonagility.us/
shopify	impressiontech	https://www.impressiontech.co/
shopify	ecommpro	-
shopify	clearwavecommerce	https://clearwavecommerce.com/
shopify	synov-systems	https://synov-systems.com/
shopify	new-elevation-a-turnberry-company	https://www.newelevation.com/
shopify	grin-inc1	https://grin.co/?utm_source=ShopifyPlusPartnerDirectory
shopify	hashtagsystems	-
shopify	redstage	https://fulcrumdigital.com/
shopify	revolutionweb	https://www.revolutionweb.com/
shopify	3www	-
shopify	unleaded-group1	https://www.unleaded.digital/
shopify	samantha-crawford-designs	http://www.samanthacrawford.co/
shopify	shoplabs7	https://ooak.group/
shopify	studio-y1	http://www.aliado.studio/
shopify	heather-allaman	https://thoughtfulwebsites.com/
shopify	brandster-inc	https://brandster.com/
shopify	acumatica	https://www.acumatica.com/
shopify	vital-interactive-inc	https://www.vitalinteractive.com/
shopify	alli-clough-design-co	https://alliclough.com/
shopify	causeway3051	-
shopify	koombea-inc2	http://www.koombea.com/shopify-plus-partner/?utm_source=ShopifyPlusPartnerDirectory
shopify	number5	https://number5.com/
shopify	cascadia-marquee	https://www.cascadiamarquee.com/
shopify	celerant	https://www.celerant.com/
shopify	ecomtarget-llc	https://chargezen.com/
shopify	kadro-solutions	https://kadro.com/
shopify	name-brand-promotions-llc	https://www.namebrandhq.com/
shopify	boomkin-llc	https://www.boomkintech.com/
shopify	ao-johnson-design	https://aojohnson.com/
shopify	magehd-llc	https://magehd.com/
shopify	chameleon-collective1	https://chameleoncollective.com/
shopify	lemonlight-media1	-
shopify	panache-creations1	https://keonnab-studio.square.site/
shopify	bridgeight	https://bridgeight.com/
shopify	pattern2	https://www.thisispattern.com/
shopify	gptteam2	https://torosachi.com/
shopify	hoot-commerce	https://hootcommerce.com/
shopify	up-level-retail-llc	http://www.rekonretail.com/
shopify	atwix2	https://www.atwix.com/
shopify	forefrontweb	https://forefrontweb.com/
shopify	frank-maven	-
shopify	growtomax	https://growtomax.com/
shopify	geminis-estudio	http://www.geminisestudio.cl/
shopify	aaron-densmore2	-
shopify	eyeful-media	https://www.eyefulmedia.com/?utm_source=ShopifyPlusPartnerDirectory
shopify	beyourteam	-
shopify	unlocksoftware-inc	https://unlockcommerce.co/
shopify	lightburn	-
shopify	green-line-digital-llc	https://greenline.nyc/
shopify	3-zero	https://www.wanton.is/
shopify	milestone-commerce	https://milestonecommerce.com/
shopify	cj7-llc	https://c1632.com/
shopify	cobe-media	https://www.skool.com/sellery-central/about
shopify	pfs-web	https://www.merkle.com/
shopify	nogin-intelligent-commerce	http://www.nogin.com?utm_source=ShopifyPlusPartnerDirectory
shopify	etg-digital-pvt-ltd	https://etg.digital/
shopify	hamza-shahbaz	-
shopify	deys-end-consulting	https://deysend.com/?utm_source=ShopifyPlusPartnerDirectory
shopify	fusionary3	https://fusionary.com/
shopify	path-systems	https://path.dev/
shopify	yk-tech2	https://yktechsolutions.com/
shopify	punde	https://pundecommerce.com/
shopify	within1	https://within.co/lets-talk?utm_source=partnerships&utm_medium=shopdirectory
shopify	fahrenheit-marketing1	https://www.fahrenheitmarketing.com/
shopify	batin-studio	https://batinstudio.com/
shopify	edu-herrera-art-design	https://artbyedu.com/design
shopify	mentis-collective	https://www.mentiscollective.com/
shopify	sharma-media	https://www.sharmabrands.com/?utm_source=ShopifyPlusPartnerDirectory
shopify	celigo	https://www.celigo.com/
shopify	allans-web-work	https://allanhillman.com/
shopify	bkthemes	https://bkthemes.design/
shopify	brent-freaney	https://specialoffer.inc/
shopify	growth-spark	https://growthspark.com/
shopify	vendo4	https://www.getvendo.com/marketplace-platform
shopify	vincit	https://www.vincit.com/
shopify	mkpsoftware	https://www.mkpsoftware.com/
shopify	colorconsulting	https://merchantmagix.com/
shopify	peques-company	http://www.nexuscommerce.co/
shopify	echidna-inc	https://echidna.co/
shopify	burntbacon	https://burntbaconwebdesign.com/
shopify	forge2	-
shopify	king-and-partners	https://www.kingandpartners.com/?utm_source=ShopifyPlusPartnerDirectory
shopify	elissa-berkowitz	-
shopify	valtira1	http://www.valtira.com/shopifyplus?utm_source=ShopifyPlusPartnerDirectory
shopify	developer-413849eb663cc9bd	-
shopify	blossom-lab	https://www.blossomlab.com/
shopify	blue-acorn-ici	https://www.blueacornici.com/?utm_source=ShopifyPlusPartnerDirectory
shopify	jebbit-inc2	-
shopify	reamaze	https://www.reamaze.com/apps/shopifyplus?utm_source=ShopifyPlusPartnerDirectory
shopify	price-digital-solutions-llc	https://pricedigitalsolutions.com/
shopify	soflo-social-media	https://www.instituteofwebdesign.com/
shopify	kim-blake	-
shopify	gravoc	https://www.gravoc.com/
shopify	atak-interactive-inc	https://www.atakinteractive.com/
shopify	holleywood	https://holleywoodconsulting.com/
shopify	above-the-fray-design-inc	https://abovethefray.io/
shopify	amen4u	https://100codes.com/
shopify	fire-spark	https://www.fireandspark.com/
shopify	moduet	https://moduet.com/solutions/ecommerce/
shopify	metajive1	https://www.metajive.com/
shopify	saara-inc	https://saara.ai/
shopify	paradeigm-interactive	-
shopify	justuno	https://www.justuno.com/?utm_campaign=Shopify+Plus+Listing&utm_medium=App+Store&utm_source=Partner
shopify	winston-kennedy-studio	https://winstonstudio.com/
shopify	adroll	https://www.adroll.com/?utm_medium=Shopfy&utm_source=Plus-Directory-Listing
shopify	jamersan	https://jamersan.com/
shopify	better-ecommerce1	-
shopify	social-hustle	https://socialhustle.com/
shopify	h-n-agency	https://www.upwork.com/freelancers/~0162c43f5e31dd41c3
shopify	toky	http://www.jakelylephoto.com/
shopify	teamgetz	https://www.teamgetz.com/
shopify	onelive-media	https://www.onelive.com/shopify-partner?utm_source=ShopifyPlusPartnerDirectory
shopify	kaira-l-patrick	https://www.kairapatrick.com/
shopify	launch-grow-joy	-
shopify	ens-services-inc	https://www.ens.enterprises/
shopify	sandbox-commerce	-
shopify	bga-media-group-inc	https://www.bgagroup.com/?utm_source=ShopifyPlusPartnerDirectory
shopify	kristen-bailey-design1	http://www.kristenbaileydesign.com/
shopify	kasama	https://www.kasamadigital.com/
shopify	thrivous	-
shopify	seopologist	-
shopify	helium5	http://www.heliumadvisory.com/
shopify	helpfly-llc	https://helpflymarketing.com/
shopify	magecom-inc	https://www.magecom.net/
shopify	nicole-williams-collective-llc	https://nicolewilliamspr.com/
shopify	zinc-solutions	https://www.wearezinc.com/
shopify	mongoose-media	https://mongoosemedia.us/
shopify	rave-infosys-inc	https://www.ravedigital.agency/
shopify	usablenet	https://usablenet.com/
shopify	aaxis-group-corporation	https://www.aaxis.io/
shopify	wagento-creative-llc	https://www.wagento.com/
shopify	happy-cog	https://www.happycog.com/
shopify	thelinestudios	https://thelinestudios.nyc/
shopify	renaissance1	https://renaissancedm.com/
shopify	luminos-labs	https://www.luminoslabs.com/
shopify	krowd-control-llc	https://www.mykrowdcontrol.com/
shopify	inventure-it	https://www.inventureit.com/
shopify	great-matter	https://greatmatter.com/
shopify	kristine-neil-studio	https://kristineneil.com/
shopify	royal-cyber-inc2	https://www.royalcyber.com/
shopify	listed-inc2	https://biz.openinapp.com/roasbooster
shopify	netformic-llc	https://netformic.com/us
shopify	brilliance-business-solutions2	https://www.brillianceweb.com/
shopify	ideally-this	https://www.ideallythis.com/?utm_source=ShopifyPlusPartnerDirectory
shopify	tresl	https://www.tresl.co/?utm_source=ShopifyPlusPartnerDirectory
shopify	benjamin-loschen-web-design-development	https://www.smartlemon.io/
shopify	shypyard-labs	-
shopify	sigma-solve-inc3	https://sigmasolve.com/
shopify	horizontal-digital2	https://www.horizontaldigital.com/
shopify	vntana1	-
shopify	brand33	-
shopify	andrews-it-solutions	https://www.insidethebyte.com/
shopify	platinum-strategies-inc	https://www.metricboom.com/
shopify	blayzer-digital	http://www.blayzer.com/
shopify	ecom-cpa	-
shopify	raze-cro	-
shopify	elsie-calo	http://www.elsiecalocreative.com/
shopify	claspo1	https://claspo.io/
shopify	soona	https://www.soona.co/
shopify	camna-llc	https://www.camna.com/
shopify	pivotal-consulting-group	https://www.pivotal-consulting-group.com/
shopify	7rock-marketing	https://www.7rockmarketing.com/
shopify	nvine	https://nvine.net/
shopify	saturday-republic1	https://www.saturdayrepublic.com/
shopify	chetu5	https://www.chetu.com/lp/retail/eshop.php
shopify	iwd-agency4	https://www.iwdagency.com/
shopify	rda-company-llc	https://www.rdadigital.com/
shopify	sales-tax-system	https://nvinc.com/ceo-blueprint/
shopify	deque-systems	https://www.deque.com/shopify/?utm_source=ShopifyPlusPartnerDirectory
shopify	trinet-internet-solutions-inc	https://www.trinetsolutions.com/
shopify	incredible-visibility1	https://www.incrediblevisibility.com/
shopify	nestosh-llc	https://nestosh.com/
shopify	ntt-data-americas-inc	https://us.nttdata.com/en/
shopify	ecommerce-placement	https://www.ecommerceplacement.com/
shopify	the-davinci-group	-
shopify	steadyrain2	https://www.steadyrain.com/
shopify	nativo-digital1	https://www.ndsoft.tech/
shopify	rosa-tek	-
shopify	studiodrop1	-
shopify	liquid-media4	https://liquid.media/
shopify	nextrow-digital	https://www.nextrow.com/
shopify	vibrant-brands	https://www.vibrantbrands.com/
shopify	cosletienne-group-llc	https://www.tgid.solutions/
shopify	hands-off-sales-tax	https://handsoffsalestax.com/
shopify	web-force-51	https://www.webforce5.com/
shopify	aperture-labs-inc	http://www.aperturelabs.net/
shopify	turny	https://turny.co/
shopify	lyn-parker-development	http://toilynparker.com/
shopify	medtech-analytics-llc	https://www.medtechanalytics.com/
shopify	tiptop-labs	https://tiptop.com/
shopify	lievre-technologies	-
shopify	99-freelnacers	-
shopify	limezoft-holdings-llc	https://www.chosen6.com/
shopify	adira-d	-
shopify	love-creative-designs	-
shopify	in-person-donations	https://www.thriftly.com/
shopify	1960designs	http://1960designs.liveblog365.com/
shopify	1-golden-commerce	-
shopify	sharpcode-solutions	https://www.reveation.io/?utm_source=partner_directory&utm_medium=company_profile
shopify	heyo2	https://heyo.is/
shopify	mellissa-jarrette-art	https://mellissajarretteart.com/
shopify	bubas-media	https://bubasmedia.com/
shopify	kahvi	https://www.kahvisolutions.com/
shopify	trika-technologies2	https://www.trikatechnologies.com/
shopify	convertify-labs	https://convertifylabs.com/
shopify	arizon-solutions-inc	https://arizon.digital/
shopify	makira	https://www.makira.io/
shopify	sophelle2	http://www.sophelle.com/
shopify	abbot-kinney-agency	https://abbotkinney.agency/
shopify	verndale-llc	https://www.verndale.com/
shopify	rhapsody-media	https://www.rhapsodymedia.com/en-us
shopify	fastr	https://getfastr.com/
shopify	grid-dynamics2	https://www.griddynamics.com/
shopify	whereoware-inc	https://www.whereoware.com/
shopify	brightscout2	https://brightscout.com/
shopify	mod-op5	https://www.modop.com/
shopify	foster-commerce2	https://www.fostercommerce.com/
shopify	bridgepoint-consulting4	https://bridgepointconsulting.com/
shopify	curious-minds-media-inc	https://www.curiousm.com/
shopify	suitelabs2	https://suitelabs.net/
shopify	siberia8	https://www.siberia.io/
shopify	ecommtoday	https://www.ecommtoday.com/
shopify	katherine-stevenson	https://katstevenson.co/
shopify	the-working-party	https://theworkingparty.com.au/
shopify	saromedia	https://saromedia.com.au/
shopify	seventyfour-design	http://www.seventyfourdesign.com.au/
shopify	dan-the-web-man	https://danthewebman.com/
shopify	itcreaters2	https://www.cytatech.com.au/
shopify	overdosedigital	https://overdose.digital/
shopify	convert	https://www.convertdigital.com.au/
shopify	cryptical-web-studio	https://crypticalwebstudio.com.au/
shopify	djr-store-builds	https://swaycreative.com.au/
shopify	arkhi	https://arkhi.com.au/
shopify	netzila-technologies	https://www.netzilatechnologies.com/
shopify	elkfox	https://elkfox.com/
shopify	wag-store	https://artizone.au/
shopify	my-it-studio	https://my-it.com.au/
shopify	mintweb	-
shopify	duranttechnologies	https://www.duranttechnologies.com/
shopify	ux-flow2	https://www.uxflow.com/
shopify	my-integrator	https://www.myintegrator.com.au/
shopify	developer-bdd5d1244bd1e1b6	https://rtw.com.au/
shopify	zanzera-creative	http://www.studio-saintt.com/
shopify	23-digital2	https://www.23digital.com.au/
shopify	techweave	https://www.techweave.co/
shopify	kirsten-segavac-website-design	https://www.onecirclestudio.com.au/
shopify	digitaldarts	https://www.digitaldarts.com.au/
shopify	bluerock-digital	https://www.bluerock.com.au/services/digital/
shopify	koding-themes	https://kodingthemes.com/
shopify	justin	https://www.studioelephant.au/
shopify	ruucy	https://freakinawesome.com.au/
shopify	drivedigitalconsulting	https://drive.digital/
shopify	bedfordlane	https://www.bedfordlane.co/
shopify	dotdev	https://dotcollective.com.au/
shopify	76creative	https://76creativestudio.com/
shopify	white-peak-digital	https://www.whitepeakdigital.com/
shopify	rockaway-digital	https://rockawaydigital.com/
shopify	lambagency	https://www.lambagency.com.au/ecommerce
shopify	perceptiv-digital	https://perceptiv.digital/
shopify	onli-solution	https://nakeddigital.au/
shopify	modmedia	-
shopify	sydney-ecommerce	https://www.goldcoastecommerce.com.au/
shopify	lula-group	https://www.lulagroupwebdesign.com.au/
shopify	30acres	https://www.30acres.com.au/
shopify	rankingco	https://www.rankingco.com.au/
shopify	danchristiefreelancer	https://danchristiedesigns.com/
shopify	fishead-pty-ltd	https://thinklab.com.au/
shopify	ella-jones-design1	https://ellajonesdesign.com.au/
shopify	bacreative	https://bacreative.com.au/
shopify	david-bennett	https://saol.com.au/
shopify	siri-the-agency	https://siritheagency.com/
shopify	gna	https://gnasolutions.com.au/
shopify	webhance	https://webhance.com.au/
shopify	the-cut	https://www.cultivatedcommerce.com/
shopify	flux-agency	https://flux.agency/services
shopify	jake-batic	https://jakebatic.com/
shopify	elephant-room	https://elephantroom.com.au/
shopify	ae-enterprises	https://houseofcart.com.au/
shopify	mwebsolutions	-
shopify	growth-digital	https://growthdigital.com.au/
shopify	ten-squared	https://10sq.dev/
shopify	avionad	https://designdatadynamics.com.au/
shopify	webqem1	https://www.webqem.com/
shopify	hyrik	https://www.hyrik.com/
shopify	thrive-digital1	https://thriveweb.com.au/
shopify	acidgreen	https://acidgreen.com.au/
shopify	italics-bold	https://italicsbold.com.au/
shopify	agent-99-consulting	https://yellowdoordigital.com.au/
shopify	jenuine-apps	https://jenuinecreative.com/
shopify	insil1	https://www.insil.com.au/
shopify	wheelhouse	https://wheelhouse.net.au/
shopify	rhys-hall	https://www.jaffle.agency/
shopify	word-of-mouth-collective	https://wordofmouth.digital/
shopify	digital-eagles-pty-ltd	-
shopify	madeleine-creative1	https://www.madeleinecreative.com.au/
shopify	fitedia	-
shopify	at-digital	https://atdigital.io/
shopify	moustacherepublic	https://www.moustacherepublic.com/
shopify	websites-by-jamie	https://www.websitesbyjamie.com.au/
shopify	partbot	https://partbot.com.au/
shopify	sirius-xd-pty-ltd	https://siriusxd.com/
shopify	mindarc	https://www.mindarc.com/
shopify	marshall-jones-digital	https://www.mjdigital.com.au/
shopify	click-start-digital	https://clickstartdigital.com.au/
shopify	digital-mavens	https://digitalmavens.com.au/
shopify	fruitful-creative	https://www.fruitfulcreative.com.au/
shopify	factfour	https://factfour.com/
shopify	createur	-
shopify	milq-digital	https://www.milqdigital.co/
shopify	cliqued-digital1	https://cliqueddigital.au/
shopify	sonder-sites	https://www.sondersites.com/
shopify	omer-tools	https://crescospec.com/
shopify	lee-becker1	https://www.leebecker.com.au/
shopify	gorilla-3601	https://gorilla360.com.au/
shopify	an-agency1	https://www.anagency.com.au/
shopify	ecom-nation-pty-ltd	https://ecomnation.com.au/
shopify	webninja3	https://www.webninja.com.au/
shopify	calibre9	https://calibrenine.com.au/
shopify	relevant-digital-agency	https://www.relevantdigital.com.au/
shopify	weboost4	https://weboost.com.au/
shopify	soul-wolf	https://www.soulandwolf.com.au/
shopify	tl-digital1	https://www.ecomcompass.com.au/
shopify	tairli	-
shopify	exstatic-media	-
shopify	disruptiv-digital	https://disruptiv.com.au/
shopify	seomax-australia	https://www.seomax.com.au/
shopify	experiasol	https://www.experia.au/
shopify	australian-internet-advertising1	https://aiad.com.au/
shopify	just-create-it	http://www.justcreateit.com.au/
shopify	tyack-ecommerce-solutions	https://www.tyack.com.au/
shopify	iwizz	-
shopify	yonder-studio1	https://yonder-studio.com/
shopify	littleredjet	https://littleredjet.com/
shopify	power-tools	https://www.powertoolsapp.com/
shopify	verve-innovation	https://www.verveinnovation.au/
shopify	smb-consultants	https://www.smbconsultants.com.au/
shopify	cm-langman-holdings-pty-ltd	https://productpreneurmarketing.com/
shopify	southpaw4	https://www.trout.com.au/
shopify	proud-as-punch-studio	https://www.proudaspunch.studio/
shopify	xugar14	https://xugar.com.au/
shopify	metrix-digital	https://www.metrix.com.au/
shopify	disco	https://www.discolabs.com/
shopify	codeplus	https://codeinspire.io/
shopify	zephyr-social	http://www.zephyrsocial.com.au/
shopify	bove-marketing	https://bove.marketing/
shopify	digisite-pty-ltd	https://www.digisite.com.au/
shopify	aframe-pty-ltd1	https://www.aframedesign.com.au/
shopify	amblique2	https://amblique.com/
shopify	anubhav-ghosh	https://foureightseven.studio/
shopify	boss-digital-marketing2	https://www.bossdigitalmarketing.com.au/
shopify	edie-harry-digital	https://pearler.work/
shopify	kia-ora-digital	https://www.kiaoradigital.com.au/
shopify	blair-creates	https://www.spaceydigital.com/
shopify	rockethouse	https://www.rockethouse.com.au/
shopify	harvey5	https://www.teamharvey.co/
shopify	webby	https://www.webbywebdesign.com.au/
shopify	integrationkings	https://www.integrationkings.com/
shopify	staxd-pty-ltd	https://www.staxd.com.au/
shopify	reason8-pty-ltd1	https://reason8.com.au/
shopify	the-thoughtful-agency2	https://thethoughtfulagency.com/
shopify	mtchwd	https://mitchwood.digital/
shopify	laurton-digital	https://laurton.digital/
shopify	reload-media	-
shopify	afk-application-design	https://www.afksoftware.com.au/
shopify	pipelabs	https://www.pipelabs.com.au/?utm_source=ShopifyPlusPartnerDirectory
shopify	volutus-pty-ltd	https://www.volutus.com.au/
shopify	hyperscale-digital1	https://www.nuver.com.au/
shopify	monster-rose-pty-ltd	https://www.monsterrose.com.au/
shopify	digitec-it-solutions	https://digitecit.com.au/
shopify	nextwave-media	https://www.nextwave.com.au/
shopify	hello-different-pty-ltd	https://hellodifferent.com/
shopify	myshophosting	https://www.myshophosting.com/
shopify	optimisingseo	https://optimising.com.au/
shopify	megantic-seo	https://www.megantic.com.au/
shopify	digital-oasis-australia-pty-ltd	https://www.webdivine.agency/
shopify	cornerstone-and-compass	http://cornerstoneandcompass.com/
shopify	propeller-graphic-design-marketing	-
shopify	cinemano-media	http://cinemano.com.au/
shopify	richietyler	https://artie.codes/
shopify	test8585	https://www.fiverr.com/technase
shopify	arkadedigital	https://www.arkade.com.au/
shopify	ella-zafran	https://hage.digital/
shopify	vcdesks	https://vcdesks.com/
shopify	web-force-5	https://www.webforce5.com/
shopify	built-by-them	https://residencystudios.com/
shopify	deckhand-services	https://www.deckhandcreative.com.au/
shopify	jwwd	https://jwwd.com.au/
shopify	tag-direct	https://www.wearetag.co/
shopify	kate-collinson-digital-consulting	https://www.choruscollective.co/
shopify	globant7	https://globant.link/3YqJVI4
shopify	dasore-hardique	https://www.thirdidentity.com.au/
shopify	clever-conversions	https://cleverconversions.com.au/
shopify	wpm-digital	https://wpmdigital.com.au/
shopify	punch-buggy-digital-agency	https://www.punchbuggy.com.au/
shopify	dsgnstudio	https://www.bydsgn.studio/
shopify	sebastian-walach	https://sebastianwalach.com/
shopify	mywork	-
shopify	madeleine-turney	https://studiofussy.com/
shopify	digitaloutlook	https://www.digitaloutlook.com.au/
shopify	sunny-delirious	-
shopify	alya-skin	https://thatwebagency.com.au/
shopify	the-seo-glossary	https://ecomxseo.com/
shopify	paul-hanna	-
shopify	blair-mcdonald	https://thecommercebureau.com/
shopify	elliot-kidd	https://madebyverse.com/
shopify	day-consulting-pty-ltd-as-trustee-for-j	https://www.aligent.com.au/
shopify	i-market-and-manage-pty-ltd	https://imarketandmanage.com.au/
shopify	glasshouse-digital	https://glasshouse.digital/
shopify	18th-digitech	https://www.18thdigitech.com.au/
shopify	leafcutter-creative-digital	-
shopify	white-canvas-co2	https://www.whitecanvasco.com/
shopify	comet-apps	https://comet.cx/
shopify	jh-web-designs	https://www.jhwebdesigns.com.au/
shopify	salt-fuessel1	https://www.saltandfuessel.com.au/
shopify	project-this-nehma-vitols	https://www.unary.com.au/
shopify	zachmicallef-com	https://zmlk.au/
shopify	lion-digital	https://liondigital.com.au/?utm_source=ShopifyPlusPartnerDirectory
shopify	nectar-co	https://www.nectarandco.com/
shopify	made-for-impact	https://www.madeforimpact.com.au/
shopify	slickweb	https://www.belver.com.au/
shopify	sparrow-digital2	https://www.sparrowdigital.com.au/
shopify	fuse	https://www.dollopdigital.com.au/
shopify	becommerce5	https://becommerce.com.au/
shopify	swift-productions	https://www.swiftproductions.com.au/
shopify	digitas-commerce	https://www.digitas.com/
shopify	alpe-co	-
shopify	little-palm-creative-co	https://littlepalmcreative.com.au/
shopify	vastlo-digital	-
shopify	hawk-cloud-consulting	https://hawkcloudconsulting.com/
shopify	anchor-software-proprietary-limited	https://www.anchorsoftware.com.au/pages/e-commerce-website-design-and-development
shopify	aim-up-digital	https://aimupdigital.com.au/
shopify	murtaza-taloo	https://www.taza-taloo.dev/
shopify	wearedigital	https://wearedigital.com.au/
shopify	pixelforce	https://pixelforce.com.au/
shopify	megaphone-marketing4	https://megaphone.com.au/
shopify	the-brand-photo	http://www.thebrandphoto.com/
shopify	web-adventures	https://www.webadventures.com.au/
shopify	makeretail	https://www.makeretail.com.au/
shopify	ose1	https://www.ose.com.au/
shopify	alata-agency	https://www.elevyn.com.au/
shopify	magneto-it-solutions3	https://magnetoitsolutions.com/au/
shopify	ribbon-gang-sea-pte-ltd	https://www.ribbongang.com/
shopify	ionata-web-solutions	http://ionata.com.au/
shopify	red-gorilla-social2	-
shopify	gamma-dx	https://www.gammadx.com.au/
shopify	coltrane	https://scaleupgurus.com.au/
shopify	akriti	https://www.akriti.dev/
shopify	type-and-pixel	https://www.typeandpixel.com.au/
shopify	stephanus-yanaputra	-
shopify	influence-marketing-australia	-
shopify	pharos-digital-labs	https://pharosdigitallabs.com/
shopify	cilicia-pty-ltd	https://www.nextscale.agency/
