semrush	digital-nomads-hq	https://digitalnomadshq.com.au/
semrush	visual-marketing-australia	https://www.visualmarketing.com.au/
semrush	elev8ed-integrated-marketing-e8im	https://elev8edmarketing.com.au
semrush	digital-hitmen	https://www.digitalhitmen.com.au
semrush	supple-digital	https://supple.com.au
semrush	dnm-digital	https://dnmdigital.com.au/
semrush	monique-lam-marketing	https://www.moniquelam.com
semrush	creed-digital	https://creeddigital.com.au/
semrush	soup-agency	https://www.soupagency.com.au
semrush	e-intelligence	https://www.eintelligenceweb.com
semrush	bloom-digital	https://www.bloomdigital.net.au/
semrush	graphicten	https://graphicten.com
semrush	slidefactory	https://www.theslidefactory.com
semrush	neuron-ux-ui-design-agency	https://www.neuronux.com/
semrush	ailie-inc	https://www.ailie.com
semrush	blume-agency	https://blumeagency.com/
semrush	los-angeles-seo-inc	https://losangelesseoinc.com/
semrush	dyre-marketing	https://www.dyre-marketing.com
semrush	sagapixel-seo	https://sagapixel.com
semrush	etos-consulting-llc	https://www.etosconsulting.com
semrush	anchour	https://www.anchour.com/
semrush	mettano	https://mettano.com/
semrush	oyova	https://www.oyova.com/
semrush	josh-levine	https://www.wiserootsllc.com
semrush	pixai-digital	https://pixai.digital
semrush	57-clicks	https://www.57clicks.com/
semrush	shapes-and-pages	https://shapesandpages.com
semrush	perfect-afternoon	https://www.perfectafternoon.com
semrush	saints-and-sparrows	https://www.saintsandsparrows.com
semrush	search-revolutions	https://searchrevolutions.com
semrush	rad5-media	https://www.rad5media.com
semrush	wd-morgan-solutions	https://wdmorgan.com
semrush	inbouncy	https://inbouncy.com/
semrush	ciphers-digital	https://www.ciphersdigital.com
semrush	new-perspective	https://www.npws.net
semrush	konstruct-digital	https://www.konstructdigital.com
semrush	m16-marketing	https://m16marketing.com
semrush	fast-digital-marketing	https://www.fastdigital.ae
semrush	happy-to-help-marketing	https://happytohelpmarketing.com/
semrush	straight-north	https://www.straightnorth.com/
semrush	swarm-digital-marketing	https://www.swarmdigital.io
semrush	levy-online	https://levyonline.com
semrush	eco-york-llc	https://www.ecoyork.com/
semrush	estes-media	https://www.estesmedia.com
semrush	world-synergy	https://worldsynergy.com
semrush	complete-seo	https://completeseo.com/
semrush	smartsites	https://www.smartsites.com/
semrush	3-horizons-interactive-3hi	https://www.3h-i.com/
semrush	vincent-brand-go	https://www.vincentbrandgo.com
semrush	devenup-seo	https://devenup.com
semrush	seoprofy	https://seoprofy.com/
semrush	elit-web	https://elit-web.com/
semrush	elatre-creative-marketing-agency	https://elatre.com/
semrush	visionpoint-360-marketing	https://visionpoint360marketing.com
semrush	rock-salt-marketing-cooperative	https://rocksaltmarketing.com/
semrush	guardian-solutions-llc	https://guardiansolutionsllc.com
semrush	seo-image	https://seoimage.com
semrush	wowbix-marketing	https://wowbix.com/
semrush	pomoroi	https://pomoroi.com/
semrush	laced-media-digital-marketing	https://www.lacedmedia.com
semrush	seo-locale	https://seolocale.com
semrush	viacon	https://viacon.io/
semrush	tremgroup	https://www.tremgroup.com/
semrush	rise-marketing-group	https://www.risemkg.com
semrush	top-notch-dezigns	https://www.topnotchdezigns.com
semrush	nextleft	https://nextleft.com/
semrush	mji-marketing	https://mjimarketing.com/
semrush	werkbot-studios	https://www.werkbot.com
semrush	muon-marketing	https://muonmarketing.com/
semrush	unravel	https://unravel.com/
semrush	coalition-technologies	https://coalitiontechnologies.com/
semrush	2point-agency	https://www.2pointagency.com
semrush	vita-digital	https://vitadigital.io
semrush	ioi-solutions	https://ioisolutions.com
semrush	searchx	https://www.searchxpro.com
semrush	acute-seo-and-web-design	https://acuteseo.com/
semrush	kova	https://kova.team/
semrush	chitchat-marketing-llc	https://chitchatmarketingllc.com
semrush	kraus-marketing	https://krausgroupmarketing.com/
semrush	lounge-lizard-worldwide	https://www.loungelizard.com/
semrush	elite-web-professionals	https://www.advertisingbusiness.org
semrush	ljb-marketing-agency	https://ljbmarketingagency.com/
semrush	vms-data-llc	https://www.vmsdata.com/
semrush	local-and-qualified	https://www.localandqualified.com
semrush	bullseye-internet-marketing	https://bullseyeinternet.com
semrush	nmg-technologies	https://www.nmgtechnologies.com
semrush	online-marketing-gurus	https://www.onlinemarketinggurus.com.au
semrush	blue-bear-digital	https://www.bluebear.digital
semrush	enlightworks	https://www.enlightworks.com
semrush	webfor	https://webfor.com/
semrush	boost-media-group	https://boostmediagroup.com/
semrush	webfx	https://www.webfx.com
semrush	bluetuskr	https://bluetuskr.com
semrush	actuate-media	https://www.actuatemedia.com
semrush	edesign-interactive	https://edesigninteractive.com
semrush	skyfield-digital	https://skyfielddigital.com/
semrush	brenton-way	https://www.brentonway.com
semrush	c3digitus	https://c3digitus.com/
semrush	slaterock-automation	https://www.slaterockautomation.com
semrush	rivalmind	https://www.rivalmind.com
semrush	vea-technologies	https://www.veatechnologies.com
semrush	growth-marketing-pro	https://growthmarketingpro.com
semrush	digital-drew-sem	https://www.digitaldrewsem.com
semrush	suffolk-county-webmasters	https://www.sucoweb.com
semrush	kraken-media	https://www.krakenusa.com
semrush	creative-click-media	https://creativeclickmedia.com/
semrush	adcetera	https://www.adcetera.com/
semrush	blue-media-marketing-inc	https://www.gobluemedia.com/
semrush	five-channels	https://fivechannels.com
semrush	digital-dynamo	https://digitaldynamollc.com/
semrush	firestarter-seo	https://www.firestarterseo.com
semrush	webology	https://webology.io/
semrush	premier-marketing	https://premiermarketingus.com/
semrush	digital-dot	https://digitaldot.com
semrush	lifted-websites	https://liftedwebsites.com/
semrush	curio-digital	https://www.curiodigital.io/
semrush	waypoint-marketing-communications	https://waypointmc.com
semrush	connective-web-design	https://connectivewebdesign.com/
semrush	the-abbi-agency	https://theabbiagency.com/
semrush	indeedseo	https://indeedseo.com/
semrush	diamond-arrow-digital-marketing-agency	https://digitalmarketinggilbertaz.com
semrush	river-avenue-digital	https://riveravenuedigital.com/
semrush	seo-guru-atlanta-llc	https://www.seoguruatlanta.com/
semrush	octiv-digital	https://www.octivdigital.com
semrush	allegiant-digital-marketing	https://allegiantdigital.com/
semrush	arvo-digital	https://wallaroomedia.com
semrush	altavista-strategic-partners	https://www.altavistasp.com/
semrush	forefront-web	https://forefrontweb.com/
semrush	nuvo-agency	https://nuvoagency.com/
semrush	pbj-marketing	https://pbjmarketing.com/
semrush	ignite-visibility	https://ignitevisibility.com/
semrush	fifthcolor	https://fifthcolor.com/
semrush	voyager-marketing	https://voyagermark.com
semrush	blennd	https://blennd.com/
semrush	dijgtal	https://www.dijgtal.com
semrush	rocketship	https://www.getrocketship.com
semrush	tag-team-design	https://www.tagteamdesign.com
semrush	lydon-and-associates-llc	https://www.lydondesign.com
semrush	coalesce-marketing-and-design	https://www.coalescemarketing.com
semrush	wagento-creative-llc	https://www.wagento.com/
semrush	kihan-marketing	https://kihanmarketing.com/
semrush	skyway-media	https://skyway.media/
semrush	unified-infotech-inc	https://www.unifiedinfotech.net
semrush	edge-webware	https://www.edgewebware.com/
semrush	thinkpod-agency	https://www.thinkpodagency.com
semrush	kj-marketing-group	https://www.kjmarketinggroup.com
semrush	ever-studios	https://www.theeverstudios.com
semrush	wolfpack-advising	https://wolfpackadvising.com/
semrush	digital-rebel-marketing	https://www.digitalrebelmarketing.com/
semrush	2ten-marketing-and-media	https://www.2tenmarketing.com
semrush	ramp-up-digital	https://www.matnelsonppc.com/
semrush	griffin-digital	https://griffindigital.com/
semrush	the-molo-group	https://www.tmgmarketingpartners.com
semrush	waivium	https://www.waivium.io/
semrush	simply-works-agency	https://simplyworks.agency
semrush	cloudmellow	https://cloudmellow.com/
semrush	momentum-marketing	https://www.momentummarketing.me
semrush	on-the-outskirt-marketing-company	https://www.ontheoutskirt.com/
semrush	mad-mind-studios	https://madmindstudios.com/
semrush	spearhead-sales-and-marketing	https://yourspear.com
semrush	rivers-agency	https://riversagency.com/
semrush	studiohawk	https://studiohawk.com.au
semrush	website-genii	https://websitegenii.com
semrush	cloud-business-software	https://agence-web-cbs.fr/
semrush	aletheia-digital	https://www.aletheiadigital.com
semrush	human-element	https://www.human-element.com/
semrush	fasturtle	https://www.ft.media
semrush	webserv	https://webserv.io
semrush	activate-digital-media	https://activatedigitalmedia.com/
semrush	marketing-direction	https://www.marketingdirection.com/
semrush	tagline-media	https://taglinegroup.com/
semrush	mii-media-and-marketing	https://www.m-2.media
semrush	sagepath-reply	https://sagepath-reply.com
semrush	funnel-boost-media	https://www.funnelboostmedia.net
semrush	front-row-digital	https://frontrowsales.com/
semrush	kodeak-digital-marketing-experts	https://kodeak.com
semrush	bluehuki-marketing	https://www.bluehuki.com
semrush	christopher-bross	https://www.evereffect.com
semrush	royal-ink	https://royalinkdesign.com/
semrush	offset-digital-seo-agency	https://offset-digital.com/
semrush	flight	https://flight.agency
semrush	stratosphere	https://www.joinstratosphere.com/
semrush	victory-cto	https://victorycto.com/
semrush	human-x	https://leaphumanx.com/
semrush	trebletree	https://trebletree.co/
semrush	mojaveseo	https://www.mojaveseo.com/
semrush	planned-growth	https://www.plannedgrowth.com
semrush	horizon-two-labs	https://horizontwolabs.com
semrush	lobster-ferret-a-digital-marketing-firm	https://www.lobsterferret.com/
semrush	smartboost	https://smartboost.com/
semrush	labyrinth-brand-co	https://labyrinthbrandco.com/
semrush	ifactory	https://www.ifactory.com/
semrush	wicked-modern-websites	https://wickedmodernwebsites.com/
semrush	mannix-marketing	https://www.mannixmarketing.com/
semrush	stratedia	https://stratedia.com/
semrush	aptimized-llc	https://www.aptimized.com
semrush	tandem-buzz	https://tandem.buzz/
semrush	a2b-digital-matketing-inc	https://www.a2bdigitalmarketing.com
semrush	living-proof-creative	https://livingproofcreative.com/
semrush	proof-digital	https://proofdigital.com/
semrush	stolber-digital	https://stolber.com
semrush	brandstar-digital	https://brandstardigital.com
semrush	focuspoint-solutions	https://www.focuspointsolutions.com
semrush	agile-marketing-group	https://agilemarketinginc.com
semrush	comrade-digital-marketing-agency	https://comradeweb.com/
semrush	k-marketing-co	https://kmarketingco.com
semrush	cybertegic	https://www.cybertegic.com/
semrush	click-track-marketing	https://www.clicktrackmarketing.com
semrush	sparkcade-marketing	https://www.sparkcade.com
semrush	ksaandd	https://www.ksand.com
semrush	lmd-livemediadigital	https://www.livemediadigital.com
semrush	clyint-creative-communication	https://www.clyint.com
semrush	melleka-marketing	https://www.melleka.com
semrush	found-local-marketing	https://foundlocalmarketing.com
semrush	direct-development	https://www.directdevelopment.com/
semrush	seo-werkz	https://upwardengine.com
semrush	dragon-horse-agency	https://www.dragonhorseagency.com
semrush	emery-marketing	https://emerymarketing.com
semrush	peaks-digital-marketing	https://www.peaksdigitalmarketing.com
semrush	visual-app	https://leadgear.com
semrush	welcome-home-social	https://welcomehomesocial.com/
semrush	reklam5-digital-agency	https://www.reklam5.com
semrush	rocket-media	https://rocketmedia.com
semrush	jack-pine-media	https://www.jackpinemedia.com/
semrush	lasso-up	https://lasso-up.com
semrush	clickmonster	https://www.clickmonster.com
semrush	bizzyweb	https://www.bizzyweb.com
semrush	digital-relativity	https://digitalrelativity.com
semrush	talking-monkey-media	https://talkingmonkeymedia.com/
semrush	bonsai-media-group	https://bonsaimediagroup.com/
semrush	no-boundaries-marketing-group	https://www.noboundaries.marketing
semrush	lucid-advertising	https://www.lucidadvertising.com/
semrush	aardvark-communications-inc	https://www.aardvarktx.com
semrush	consumr-buzz	https://consumrbuzz.com
semrush	thirteen05-creative	https://thirteen05.com/
semrush	verve-creative-studio	https://vervecreative.studio
semrush	majux	https://www.majux.com/
semrush	phoenix-solutions-group	https://phoenixsolutionsgroup.net/
semrush	ikusa-marketing	https://ikusamarketing.com/
semrush	good-rep-media	https://www.goodrep.media
semrush	9-marketing-inc	https://9marketing.net/
semrush	digital-ink	https://www.digitalinkco.com
semrush	1-stop-marketing-solutions-digital-marketing	https://www.1stopmarketingsolutions.com
semrush	brightspot	https://www.brightspot.com/
semrush	strider	https://striderseo.com
semrush	154i	https://154i.com
semrush	blue-frog	https://www.bluefrogdm.com/
semrush	compass-point-marketing	https://www.jrcmo.com
semrush	r-west	https://rwest.com/
semrush	clarity-global	https://clarity.global/
semrush	nifty-fifty-solutions	https://www.niftyfiftysolutions.com
semrush	mixed-handed-branding	https://www.mixedhanded.com
semrush	principal-consulting-llc	https://mytechanalyst.net
semrush	kc-web-specialists	https://kcwebspecialists.com/
semrush	yellowwebmonkey	https://yellowwebmonkey.com
semrush	trial-guides-digital-marketing	https://marketing.trialguides.com/
semrush	basso-marketing-agency	https://www.bassomarketingagency.com
semrush	marketeering-group	https://marketeeringgroup.com
semrush	designli	https://designli.co/
semrush	linden-digital-marketing	https://lindendigitalmarketing.com/
semrush	atlas	https://www.atlasokc.com
semrush	mejix-inc	https://www.mejix.com
semrush	padula-media	https://padulamedia.com/
semrush	sembyotic	https://sembyotic.com/
semrush	wd-strategies	https://www.wd-strategies.com
semrush	vantagepoint-marketing	https://vantagep.com
semrush	3-media-web	https://www.3mediaweb.com/
semrush	rookie-innovations	https://www.rookieinnovations.com
semrush	fahlgren-mortine	https://www.fahlgrenmortine.com/
semrush	crimson-agility	https://crimsonagility.us
semrush	market-veep	https://www.marketveep.com/
semrush	topline-media-group	https://www.toplinemediagroup.com/
semrush	media-junction	https://www.mediajunction.com
semrush	stephanie-marie-delgado	https://www.stephaniemariedelgado.com/
semrush	echoinnovate-it	https://echoinnovateit.com/
semrush	305-spin-inc	https://www.305spin.com
semrush	grant-brott	https://www.consultwebs.com/
semrush	web-services-ct	https://www.webservicesct.com/
semrush	seapoint-digital	https://seapoint.digital/
semrush	m-and-r-marketing	https://www.mandr-group.com/
semrush	keo-marketing	https://www.keomarketing.com
semrush	trajectory-web-design	https://www.trajectorywebdesign.com
semrush	i7-marketing	https://www.i7marketing.com/
semrush	beson4	https://beson4.com
semrush	pixel506-by-10pearls	https://www.pixel506.com
semrush	amplify-industrial-marketing-guidance	https://www.aimg.com
semrush	robintek	https://www.robintek.com
semrush	fishbat-media-llc	https://fishbat.com
semrush	seoplus	https://seoplus.com
semrush	red-shark-digital	https://www.redsharkdigital.com/
semrush	plan-left	https://planleft.com/
semrush	risely	https://riselymarketing.com/
semrush	cicor-marketing	https://cicormarketing.com
semrush	uptick-marketing	https://uptickmarketing.com/
semrush	atomic-design-and-consulting	https://www.atomicdc.com/
semrush	strategic-america	https://www.strategicamerica.com
semrush	exposure	https://www.exposure.com
semrush	backyard-studios	https://backyardstudios.com
semrush	greenhaven-interactive-llc	https://greenhaveninteractive.com
semrush	redbear-films-and-digital-marketing	https://redbear.tv
semrush	northwest-media-collective	https://northwestmediacollective.com/
semrush	mass-impacttm	https://massimpact.com
semrush	baadigi	https://www.baadigi.com/
semrush	vizergy-digital-marketing	https://www.vizergy.com
semrush	inquisitek	https://www.inquisitek.com
semrush	hammerseed	https://hammerseed.com
semrush	advancreative	https://www.advancreative.com
semrush	clickready-marketing	https://www.clickready.com
semrush	absolute-web	https://www.absoluteweb.com
semrush	lav1	https://lav1.com/
semrush	royalty-site-design	https://royaltywebdesign.com/
semrush	collective42	https://collective42.com/
semrush	mavlers	https://mavlers.agency/
semrush	contellect-technologies-inc	https://contellect.com
semrush	reibar-marketing	https://reibarmarketing.com
semrush	gobig-systems-inc	https://gobig.systems/
semrush	vatik-marketing	https://vatikcreative.com/
semrush	binary-anvil	https://www.binaryanvil.com
semrush	strategy-interactive	https://strategyinteractiveagency.com/
semrush	highervisibility	https://www.highervisibility.com/
semrush	optisearch-digital-marketing	https://optisearchdigital.com/
semrush	online-optimism	https://www.onlineoptimism.com/
semrush	webryact	https://webryact.com
semrush	saffron-tech	https://www.saffronedge.com/
semrush	social-media-55	https://socialmedia55.com
semrush	superbadads	https://superbadads.com
semrush	bluehat-marketing-inc	https://www.bluehatmarketing.com
semrush	lyfe-marketing	https://www.lyfemarketing.com
semrush	heartbeep-marketing	https://heartbeepmarketingnh.com/
semrush	rothbright	https://www.rothbright.com
semrush	thrive-internet-marketing-agency	https://thriveagency.com/
semrush	earned-media	https://www.earnedmedia.com.au/
semrush	modern-driven-media	https://www.moderndrivenmedia.com
semrush	raincross	https://raincross.com
semrush	nustream	https://nustreammarketing.com/
semrush	the-magnificent-lead-machine	https://magnificentleadmachine.com/
semrush	valve-meter-performance-marketing	https://valveandmeter.com
semrush	outdooit	https://www.outdooit.com
semrush	monster-link-marketing	https://monsterlinkmarketing.com
semrush	stack-digital	https://www.stackdigital.com
semrush	siro-digital-agency	https://siro.agency/
semrush	zag-first-b2b-marketing	https://www.zagfirst.com
semrush	altos	https://altosagency.com
semrush	the-greenhouse-studios	https://thegreenhousestudios.com/
semrush	active-web-group	https://www.activewebgroup.com
semrush	elash-design-studio-llc	https://elashdesign.com/
semrush	row-business-solutions	https://www.row.net/
semrush	compass-marketing	https://www.compassmkg.com
semrush	blendworks-digital-marketing	https://blendworksdigital.com/
semrush	weichie-com	https://www.weichie.com
semrush	virtual-alchemy	https://virtualalchemy.com
semrush	brillity-digital	https://brillitydigital.com/
semrush	bottom-line-marketing	https://loudr.agency
semrush	recess-creative	https://www.recesscreative.com/
semrush	nerd-rush	https://nerdrush.com/
semrush	digisquid	https://digisquid.com/
semrush	wd23	https://wd23.com/
semrush	twenty8-marketing	https://www.twenty8marketing.com/
semrush	pearl-white-media	https://www.pearlwhitemedia.com/
semrush	birchway	https://www.birchway.com
semrush	aninda-bose	https://www.digidrub.com
semrush	marketeery	https://www.marketeery.com
semrush	anj-digital	https://www.anjdigital.com/
semrush	elevate-my-brand	https://www.elevatemybrand.com
semrush	full-cortex	https://www.fullcortex.com
semrush	custom-digital-solutions	https://customdigitalsolutions.co/
semrush	web-pulse-media	https://www.webpulsemedia.com
semrush	owdt	https://owdt.com
semrush	brandastic	https://brandastic.com
semrush	bold-media-marketing	https://pickbold.com
semrush	jh-specialty	https://www.jhspecialty.com/
semrush	cornerstone-web-studio	https://cornerstone.studio/
semrush	maennche-virtual-cmo	https://myvcmo.com
semrush	ims-net	https://ims.net/
semrush	seota-digital-marketing	https://seota.com
semrush	m-b-professional-services	https://www.mbproservicesaz.com
semrush	dream-local-digital	https://dreamlocal.com/
semrush	sc-marketing-technologies	https://www.scmarketingtechnologies.com
semrush	metric-marketing	https://www.metricmarketing.com/
semrush	franklin-digital	https://www.franklindigital.co/
semrush	dezerv-co	https://www.dezerv.co
semrush	personal-seo	https://personalseo.com/
semrush	cazbah	https://www.cazbah.net/
semrush	branded-internet-marketing-agency-llc	https://www.getbrandedtoday.com
semrush	enx2-legal-marketing	https://enx2marketing.com
semrush	cyberspyder-marketing-service	https://www.cyberspyder.net
semrush	mightybytes	https://www.mightybytes.com/services/
semrush	magnetic	https://magneticcreative.com/
semrush	newmedia	https://newmedia.com
semrush	karma-marketing-media	https://www.karmamarketingandmedia.com
semrush	sooner-marketing-solutions	https://sooner.marketing/
semrush	clear-digital	https://www.cleardigital.com
semrush	bytes-co	https://bytes.co/
semrush	upfront-mktg-llc	https://www.upfrontmktg.com/
semrush	good-giant	https://www.goodgiant.com/
semrush	global-reach-internet-productions-llc	https://www.globalreach.com
semrush	goodjuju-marketing	https://gogoodjuju.com/
semrush	data-street-marketing	https://www.datastreetmarketing.com/
semrush	dreamvast-agency-seo	https://dreamvast.agency/
semrush	skyodin-marketing	https://www.techtonicmkt.com
semrush	brick-marketing-digital-marketing-agency	https://www.brickmarketing.com/
semrush	dunamis-seo	https://www.visioseo.com
semrush	refractroi	https://www.refractroi.com
semrush	we-do-web	https://www.wedoweb.com/
semrush	epidemic-marketing	https://www.epidemic-marketing.com/san-diego-seo-company/
semrush	grow-biz-locally	https://growbizlocally.com/
semrush	tru-performance-inc	https://www.truperformance.us
semrush	1digital-agency	https://www.1digitalagency.com
semrush	new-path-digital	https://newpathdigital.com/
semrush	hot-dog-marketing	https://hotdogmarketing.net
semrush	unifeyed-llc	https://unifeyed.com
semrush	digital-transformation-management	https://digitaltransformationmanagement.ai/
semrush	humanity-media-inc	https://humanitymedia.net
semrush	revver-digital	https://www.revver.com
semrush	dotsquares	https://www.dotsquares.com
semrush	fuel-web-marketing	https://www.fuelwebmarketing.com/
semrush	creart-media-group	https://www.creart.media
semrush	bs-llc-nbsp-branding-strategy-marketing	https://bsllc.biz
semrush	noble-studios	https://noblestudios.com/
semrush	uplift-media	https://www.upliftmedia.us
semrush	sagefrog-marketing-group	https://www.sagefrog.com/
semrush	good2bsocial	https://good2bsocial.com
semrush	black-kite-marketing	https://blackkitemarketing.com/
semrush	growth-skills	https://growthskills.co/
semrush	small-business-sidekick-llc	https://mysmallbusinesssidekick.com/
semrush	creative-clear	https://www.gorbmedia.com/
semrush	native-rank-inc	https://www.nativerank.com/
semrush	cube-creative-design	https://cubecreative.design
semrush	variable	https://variable.systems/
semrush	sachs-marketing-group	https://sachsmarketinggroup.com/
semrush	junction-creative	https://www.junction-creative.com
semrush	the-digital-marketing-specialists	https://www.the-dms.com
semrush	thinkdm2	https://thinkdm2.com/
semrush	perrill	https://www.perrill.com/
semrush	resultfirst	https://www.resultfirst.com
semrush	fabcom-unrivaled-strategic-marketing-agency	https://www.fabcomlive.com
semrush	symphonix	https://symphonix.agency
semrush	fratzke	https://www.fratzkemedia.com/
semrush	marketing-for-msps	https://nextleveltechmarketing.com/
semrush	kpsm	https://kpsocialmedia.com
semrush	play-media	https://play-media.org
semrush	lion-panda	https://lionandpanda.com/
semrush	astoundz-seo-web-ppc-social	https://www.astoundz.com
semrush	digital-marketing-group	https://digitalmarketinggroup.com/
semrush	channel-v-media	https://channelvmedia.com/
semrush	ths-creative	https://www.thscreative.com
semrush	composite	https://www.composite.global/
semrush	bear-byte-studios	https://www.bearbytestudios.com/
semrush	robb-digital-marketing	https://robbdigital.com
semrush	hmpsn-studio	https://www.hmpsn.studio
semrush	kometa-digital	https://kometa.digital/
semrush	buzztower	https://buzztower.com
semrush	st-george-design-and-marketing	https://stgeorgedesign.com
semrush	brooks-manley-marketing	https://trellismktg.com
semrush	american-creative	https://www.americancreative.com
semrush	builder-designs	https://www.builderdesigns.com
semrush	seo-nursery	https://seonursery.com
semrush	the-just-design-group-inc	https://thejustdesigngroup.com/
semrush	kelp	https://www.kelp.agency
semrush	crawford-designs	https://crawforddesigns.co/
semrush	searchrpm	https://www.searchrpm.com/
semrush	heyitswil-seo-and-content-marketing	https://heyitswil.com
semrush	eugene-bonanno	https://www.tbgdigitalmarketing.com
semrush	quillen-marketing	https://quillenmarketing.com/
semrush	oodle	https://www.oodle.io
semrush	cindtoro	https://cindtoro.com/
semrush	aro-effect-marketing	https://www.aroeffect.com
semrush	third-and-grove	https://www.thirdandgrove.com/
semrush	watts-media	https://wattsmedia.com/
semrush	altabos	https://altabos.com
semrush	signalpoint-media-group-llc	https://signalpointmedia.com
semrush	celerify-llc-leadspruce	https://www.leadspruce.com
semrush	digital-skyrocket	https://digitalskyrocket.com
semrush	wowebsites	https://www.wowebsites.com
semrush	lform-design	https://www.lform.com/
semrush	objective-ui-llc	https://www.objectiveui.com
semrush	fishnet-media	https://www.fishnetmedia.com
semrush	mower	https://www.mower.com
semrush	revenue-river	https://www.revenueriver.co/
semrush	boldist	https://laughingsamurai.com
semrush	pop-llc	https://popseo.com/
semrush	inclind	https://www.inclind.com/
semrush	salt-rank	https://www.saltrank.com
semrush	abc-web-service	https://www.builditdigitalmarketing.com
semrush	centerline-digital	https://www.centerline.net
semrush	workhorse-marketing	https://www.builtbyworkhorse.com/
semrush	speedsquare	https://www.speedsquare.co
semrush	legal-insites-llc	https://www.gavlmarketing.com/
semrush	deep-footprint	https://www.deepfootprint.com/
semrush	4b-marketing	https://www.4bmarketing.com
semrush	smashel-inc	https://www.smashel.com
semrush	vsfmarketing	https://www.vsfmarketing.com
semrush	intuitive-websites	https://intuitivewebsites.com
semrush	kevin-sprague	https://studiotwo.com
semrush	boylan-point-agency	https://boylanpoint.com
semrush	l7-creative	https://www.l7creative.com/
semrush	agency-jet	https://www.agencyjet.com/
semrush	beanstalk-web-solutions	https://www.beanstalkwebsolutions.com
semrush	sonority-group	https://www.sonoritygroup.com
semrush	visualfizz	https://www.visualfizz.com
semrush	west-county-net	https://www.westcounty.com
semrush	evolve-marketing	https://plastixmarketing.com
semrush	avalanche-creative	https://avalanchegr.com/
semrush	d3	https://www.d3corp.com
semrush	advance-web-promotions	https://dmediaweb.com
semrush	blue-lynx-marketing	https://bluelynxmarketing.com/
semrush	thirdside-inc	https://neonmoth.com
semrush	brandextract	https://www.brandextract.com/
semrush	alloycrew	https://alloycrew.com/
semrush	k2-analytics-inc	https://www.k2analytics.com
semrush	dirigible-studio	https://www.dirigiblestudio.com
semrush	rich-rich	https://www.worldwideriches.com
semrush	m3-agency	https://www.m3agency.com/
semrush	97-switch	https://97switch.com
semrush	geek-powered-studios	https://www.geekpoweredstudios.com/
semrush	wcn-digital	https://www.wcndigital.com
semrush	roadside-dental-marketing	https://www.roadsidedentalmarketing.com
semrush	gauge-digital-media	https://gaugedigitalmedia.com/baltimore-digital-marketing-agency/
semrush	neptune-web-inc	https://www.neptuneweb.com
semrush	detroit-internet-marketing	https://www.detroitinternetmarketing.com
semrush	sundown-marketing-group	https://www.sundownmarketing.com
semrush	oneupweb	https://www.oneupweb.com
semrush	captivate-search-marketing	https://captivate.agency
semrush	talenalexander	https://talenalexander.com/
semrush	brandetize	https://brandetize.com/
semrush	direct-online-marketing	https://www.directom.com/
semrush	suncity-advising	https://suncityadvising.com/
semrush	node-marketing	https://node-marketing.com
semrush	lewis	https://www.teamlewis.com/
semrush	fidelitas-development	https://www.fidelitasdevelopment.com
semrush	mmi-agency	https://mmiagency.com
semrush	smile-media	https://www.smilemultimedia.com
semrush	azuro-digital	https://azurodigital.com/
semrush	obelisk-infotech	https://www.obeliskinfotech.com
semrush	byte-digital	https://www.bytedigital.com
semrush	ozrit	https://ozrit.com
semrush	gcom-designs	https://clickspire.com
semrush	growth-accelerators	https://growacc.com/
semrush	cs-solutions-inc	https://www.cswebsolutions.ca
semrush	vineet-kukreti	https://vineetkukreti.com/
semrush	cosmik-carrot	https://www.cosmikcarrot.com
semrush	purpose-path	https://www.purposepath.ca
semrush	parachute-design-group-inc	https://parachutedesign.ca
semrush	brandconn-digital	https://www.brandconn.com/
semrush	mimvi	https://www.mimvi.com/
semrush	net-site-marketing	https://www.netsitemarketing.com
semrush	netvolution-llc	https://netvolution.com
semrush	touchstone-infotech	https://www.touchstoneinfotech.com
semrush	greenlane	https://www.greenlanemarketing.com
semrush	intrepid-digital	https://www.intrepidonline.com
semrush	anonymous-marketing	https://anonmktg.com
semrush	the-spectrum-group-online	https://online-sales-marketing.com/
semrush	seo-elite-agency	https://www.seoeliteagency.com
semrush	360-marketing-and-advertising	https://www.360elevated.com
semrush	tidewater-website-solutions	https://tidewaterwebsites.com/
semrush	mc-medias-llc-digital-marketing-agency	https://mcmedias.com
semrush	online-visibility-pros	https://onlinevisibilitypros.com/
semrush	inboxarmy	https://www.inboxarmy.com/
semrush	rentamira-inc	https://www.rentamira.com
semrush	crimson-park-digital	https://www.crimsonparkdigital.com
semrush	silverback-strategies	https://www.silverbackstrategies.com/
semrush	advisory-concepts-evolvers	https://www.lawfirmmarketingcompany.com/
semrush	arcane-marketing	https://www.arcanemarketing.com
semrush	geek-town-usa-digital-marketing-and-web-design	https://www.gtu.com/
semrush	one-marketing-group	https://onemarketingroup.com/
semrush	mills-marketing	https://www.millsmarketing.com
semrush	guardian-owl-digital	https://www.guardianowldigital.com
semrush	make-and-model-marketing	https://www.makemodelmarketing.com
semrush	click-here-digital	https://www.clickheredigital.com
semrush	mkg-marketing	https://mkgmarketinginc.com/
semrush	zero-company-performance-marketing	https://www.zerocompany.com
semrush	peer-sales-agency	https://peersalesagency.com
semrush	c2-brands	https://csquaredbrands.com/
semrush	my-amazon-guy	https://myamazonguy.com/
semrush	peyton-ave-corporation	https://www.peytonave.com
semrush	tilted-chair	https://tiltedchair.co
semrush	ironstride-marketing-and-digital-co	https://www.ironstridemarketing.com/
semrush	dytatek	https://dytatek.com
semrush	devrix	https://devrix.com/
semrush	tell-me-your-goal	https://www.tellmeyourgoal.com
semrush	small-business-fanatics	https://smallbusinessfanatics.com/
semrush	gamep	https://gamep.org
semrush	text-connects	https://www.textconnects.com
semrush	imission-institute-inc	https://www.imissioninstitute.org
semrush	growrilla-digital	https://growrilladigital.com
semrush	digital-current	https://www.digitalcurrent.com
semrush	act-bold	https://www.actbold.com
semrush	rave-digital	https://www.ravedigital.agency/
semrush	clean-media	https://www.cleanmediamarketing.com/
semrush	35-creatives	https://35creatives.com
semrush	gravity-dental-marketing	https://www.gravitydental.com
semrush	digital-community-holdings	https://www.dch.com
semrush	moxii-marketing-solutions	https://moxiimarketingsolutions.com/
semrush	groundwrk	https://www.groundwrk.com
semrush	yemora	https://www.yemora.com
semrush	search-commander-inc	https://www.searchcommander.com
semrush	data-x-growth	https://www.dataxgrowth.com
semrush	digital-marketing-fuel-llc	https://www.digitalmarketingfuel.com
semrush	seo-web-consulting	https://www.seo-web-consulting.com
semrush	forward-slash-marketing	https://www.forwardslashmarketing.com
semrush	website-energizers	https://websiteenergizers.com/
semrush	search-engine-people	https://www.searchenginepeople.com
semrush	arke-agency	https://arkeagency.com
semrush	groupfractal-inc	https://groupfractal.com/
semrush	reach-ecomm-strategy-and-marketing	https://www.reachecomm.com
semrush	stack-decode-web-and-it-solutions	https://stackdecode.com
semrush	envy-design-co	https://www.envydesign.co
semrush	cloud-cartel	https://www.cloudcartel.com.au/
semrush	gordon-digital	https://gordondigital.com.au/
semrush	ionline-digital-agency	https://ionline.com.au/
semrush	net-fusion-technology	https://www.netfusiontechnology.com
semrush	robyn-smart	https://smartrobbie.com.au
semrush	omnihyper	https://omnihyper.com/
semrush	blank-theory	https://www.blanktheory.com.au/
semrush	awd-digital	https://awddigital.com.au/
semrush	manifest-website-design	https://manifestwebsitedesign.com.au/
semrush	digifix-websites-apps-and-marketing-agency	https://digifix.com.au
semrush	temerity-digital	https://www.temeritydigital.com.au/
semrush	start-digital	https://thestart.com.au/
semrush	pixite	https://pixite.com.au
semrush	aek-media	https://aekmedia.com.au/
semrush	mindesigns	https://mindesigns.com.au
semrush	80-20-digital	https://8020.digital/
semrush	red-herring-digital	https://www.redherring.net.au
semrush	odin-digital	https://www.odindigital.com.au
semrush	bso-digital	https://bsodigital.com.au/
semrush	leapfrogger	https://leapfrogger.com.au/
semrush	ak-digital-marketing	https://dobetterdigital.com.au/
semrush	chilli	https://www.chilligroup.com.au
semrush	just-webops	http://justwebops.au/
semrush	site-clicks	https://www.siteclicks.com.au
semrush	blackbox-design	https://www.blackboxdesign.com.au/
semrush	multimediax	https://www.multimediax.com.au/
semrush	helium-marketing-agency	https://www.heliummarketing.agency
semrush	rankrise	https://www.rankrise.com.au
semrush	donohue-consultancy	https://www.donohueconsultancy.com.au
semrush	kirklloyd	https://kirklloyd.com.au
semrush	megaphone-marketing	https://megaphonemarketing.com.au/
semrush	e-web-digital	https://www.ewebdigital.com.au/
semrush	salt-and-fuessel	https://www.saltandfuessel.com.au
semrush	bambrick	https://bambrick.com.au
semrush	q-agency	https://qagency.com.au
semrush	think-creative-agency	https://www.thinkcreativeagency.com.au
semrush	localiq-anz	https://localiq.au/
semrush	weboracle	https://weboracle.com.au
semrush	yoghurt-digital	https://www.yoghurtdigital.com.au
semrush	roughidea-digital	https://www.roughideadigital.com.au
semrush	pixel-portal	https://www.pixelportal.com.au
semrush	online-path	https://onlinepath.com.au
semrush	rocket-agency	https://www.rocketagency.com.au/
semrush	swoop-digital	https://www.swoopdigital.com.au
semrush	juggler-design	https://juggler.com.au
semrush	splash-developments	https://www.splashdevelopments.com.au
semrush	eurisko	https://www.eurisko.com.au/
semrush	omdigi-group	https://www.omdigigroup.com.au
semrush	shen-lam	https://www.8bm.com.au
semrush	okmg	https://okmg.com/
semrush	sydney-digital-marketing	https://sydneydigitalmarketing.com.au/
semrush	mind-methods	https://mindmethods.com.au/
semrush	clixpert-pty-ltd	https://www.clixpert.com.au/
semrush	webbuzz	https://webbuzz.com.au
semrush	18th-digitech	https://www.18thdigitech.com.au
semrush	design-box-digital-seo-web-design-and-marketing	https://www.designbox.com.au
semrush	clearwater-agency	https://clearwateragency.com.au
semrush	twotwosix-digital	https://twotwosixdigital.com.au
semrush	pn-digital	https://www.pn.com.au
semrush	creative-fosters	https://creativefosters.com.au
semrush	engineroom	https://www.engineroom.com.au
semrush	spicy-web	https://spicyweb.com.au/
semrush	wynne-digital	https://wynnedigital.com
semrush	bright-labs	https://www.brightlabs.com.au
semrush	infomax-digital	https://www.infomaxdigital.com.au
semrush	cascade-digital	https://cascadedigital.com.au/
semrush	adhesive-communication	https://www.adhesive.com.au
semrush	nomad-designs-pty-ltd	https://www.nomaddesigns.com.au
semrush	lollipop-digital	https://www.lollipopdigital.com.au
semrush	living-online	https://www.livingonline.com.au
semrush	export-accelerator	https://exportaccelerator.com.au/
semrush	thrive-digital	https://thriveweb.com.au/
semrush	picasso-media	https://picassomedia.com.au
semrush	dilate-digital	https://www.dilate.com.au/
semrush	rise-seo	https://riseseo.com.au
semrush	adelaide-seo-marketing	https://www.adelaideseomarketing.com.au
semrush	onq-marketing	https://searcht.au
semrush	web-intelligenz	https://webintelligenz.com
semrush	copperscreen-co	https://www.copperscreen.co/
semrush	pixelbirdtm	https://www.pixelbird.com.au
semrush	seo-premier	https://www.seopremier.com
semrush	dsrpt	https://dsrpt.com.au/
semrush	submerge	https://submerge.digital
semrush	overflow-cafe	https://overflowcafe.com
semrush	forge-creative	https://forge.co.nz/
