sortlist	wolfpack-digital	-
sortlist	best-digital-marketing-agency	-
sortlist	kooba	-
sortlist	owi	-
sortlist	hovi	-
sortlist	realweb-ie	-
sortlist	marketing-consultant	-
sortlist	vm-digital	-
sortlist	social-gravity	-
sortlist	arekibo	-
sortlist	web-wizard-2	-
sortlist	system-setter	-
sortlist	snapp-technology	-
sortlist	ireland-website-design	-
sortlist	brandyou	-
sortlist	newgraphic	-
sortlist	web-design-offaly-ck-website-design	-
sortlist	webenito	-
sortlist	brandlogik	-
sortlist	granite-6	-
sortlist	chris-flynn-design	-
sortlist	affordable-websites-dublin	-
sortlist	msve-digital	-
sortlist	softech-ireland	-
sortlist	2cubed	-
sortlist	torc-web-design-seo	-
sortlist	kickstart-web-design	-
sortlist	elena-montes	-
sortlist	designit	-
sortlist	seowizard	-
sortlist	plus-promotions	-
sortlist	richardson-promotional-goods	-
sortlist	hidden-depth-2	-
sortlist	modus-it-ltd	-
sortlist	web-consulting-agency	-
sortlist	theadmenu	-
sortlist	css-signs	-
sortlist	grafton-media-e3458686-ea00-4938-baf4-346f89da9983	-
sortlist	fusio	-
sortlist	juvo	-
sortlist	evolution-digital-2	-
sortlist	clear-designs	-
sortlist	dublin-seo-company	-
sortlist	we-are-open	-
sortlist	probey-services-private-limited	-
sortlist	evolve-technologies	-
sortlist	bam-media	-
sortlist	dcu	-
sortlist	revolve-marketing-pr	-
sortlist	nexomos	-
sortlist	aspire-media	-
sortlist	escalate-digital-marketing	-
sortlist	quantum-it-innovation	-
sortlist	raftlabs	https://www.raftlabs.com/
sortlist	loco-digital	-
sortlist	crescentek-ie	-
sortlist	tidy	-
sortlist	digilogue	-
sortlist	xwerx	-
sortlist	daysha-devops	-
sortlist	kw-solutions	-
sortlist	workday-madrid	-
sortlist	framework-design	-
sortlist	design-display	-
sortlist	adfaces	-
sortlist	mediatrawler	-
sortlist	mint-tek-circuits	-
sortlist	egg-design	-
sortlist	designburst-website-design	-
sortlist	ireland-israel-biz	-
sortlist	giant-and-hud	-
sortlist	diarmuid-sexton	-
sortlist	aq	-
sortlist	cyan-bear-ltd	-
sortlist	creme-global	-
sortlist	edesk	-
sortlist	code-institute	-
sortlist	buntaiste-technologies	-
sortlist	4impacts-intelligent-solutions-limited	-
sortlist	razor-communications	-
sortlist	exist-ie	-
sortlist	ddm-ltd	-
sortlist	asavie	-
sortlist	mosaic-30	-
sortlist	ad2one-ireland-ltd	-
sortlist	zapplab-net	-
sortlist	digital-reach-group	-
sortlist	marcomsure	-
sortlist	clickynet	-
sortlist	jump-innovation-2	-
sortlist	the-coder-spot-2	-
sortlist	zoomailer	-
sortlist	ebow-the-digital-agency	-
sortlist	together-digital	-
sortlist	ceadar	-
sortlist	enterprise-solutions-ltd	-
sortlist	hst-solutions	-
sortlist	dotser	-
sortlist	greenfinch-technology	-
sortlist	creativenergy	-
sortlist	tether	-
sortlist	acolad	-
sortlist	excel-web-design-2	-
sortlist	sellerflair	-
sortlist	advertising-agency-speciaali	-
sortlist	netboost-ie	-
sortlist	arklight-labs	-
sortlist	1-euro-seo	-
sortlist	perseus-agency	-
sortlist	milkbottle-labs	-
sortlist	aylien	-
sortlist	emarkable	-
sortlist	garymelican-com	-
sortlist	interaction-europe	-
sortlist	dynamo-6	-
sortlist	bigrock-digital	-
sortlist	fcdm	-
sortlist	smarketing-cloud	-
sortlist	effector	-
sortlist	addicta	https://www.addictaco.com
sortlist	square-marketing	https://squaremarketing.it/
sortlist	theportalagency	https://theportalagency.com
sortlist	steps-20	https://www.steps-ksa.com
sortlist	civitta	https://civitta.com/digital-services/
sortlist	lumina	https://www.luminacommerce.com/
sortlist	swiss-tomato-app-web	https://www.swisstomato.ch
sortlist	and-after	http://www.andafter.fr
sortlist	kaam-and-roffler	-
sortlist	digital-masters	https://digital-masters.de/de
sortlist	take-the-lead	https://takethelead.be/
sortlist	novicom-marketing-group	https://www.novicommarketinggroup.com
sortlist	udjat-agency	https://udjatagency.com
sortlist	agence-latelier	https://www.latelier-conceptionweb.com
sortlist	design-030	https://design030.de/webdesign-development-sortlist/
sortlist	likeyou-srl	https://www.likeyousrl.com
sortlist	electrik-dream	https://e-dream.studio
sortlist	bluecell	https://www.bluecell.es
sortlist	we-make-marketing	https://we-make-marketing.com/
sortlist	supernovads	https://www.supernovads.com/
sortlist	qubix-consulting-gmbh	https://qubix.de/
sortlist	platform81	https://www.platform81.com/
sortlist	new-step-media	https://creativityandplanning.com/
