sortlist	kids-creative-agency	http://www.thekids.eu
sortlist	navicosoft-pvt-ltd	-
sortlist	wp-creative-3	-
sortlist	mindel-brand-house	-
sortlist	digital-nomads-hq	-
sortlist	quantum-it-innovation	-
sortlist	soto-group	-
sortlist	unlmtd-agency	-
sortlist	1000heads	https://1000heads.com/
sortlist	designpluz	-
sortlist	storyfolk	-
sortlist	best-digital-marketing-agency	-
sortlist	onmove-digital-agency	-
sortlist	xfive	-
sortlist	supple-digital	-
sortlist	white-peak-digital	-
sortlist	icon-global-digital	-
sortlist	pathfinder-marketing-2	-
sortlist	pxlchic	-
sortlist	supportsoft-technologies	-
sortlist	design-wox-2	-
sortlist	hunter-8	-
sortlist	firewater	-
sortlist	artetra	-
sortlist	living-online	-
sortlist	melbourne-web-digital	-
sortlist	twinroot-media	-
sortlist	my-work	-
sortlist	reward-design	https://www.rewardinc.com.au
sortlist	amoux-company	-
sortlist	your-creative-agency	-
sortlist	emu-web-design	-
sortlist	wolf-iq-2	-
sortlist	bluerock	-
sortlist	spicy-web-2	-
sortlist	cut-thru	-
sortlist	ublac-agency	-
sortlist	webalive	-
sortlist	wolf-web-designs	-
sortlist	amplify-web-design	-
sortlist	zammeth-web-development	-
sortlist	made-4-tradies	-
sortlist	troov-marketing	-
sortlist	iclick-online-technology	-
sortlist	attah-digital	-
sortlist	quantum-digital	-
sortlist	the-seo-pros	-
sortlist	diverse-website-design	-
sortlist	link-juice	-
sortlist	perth-website-studio	-
sortlist	sol-studios	-
sortlist	projext	-
sortlist	s25-studio	-
sortlist	safari-digital-seo-agency	-
sortlist	ecompapi-digital-agency	-
sortlist	80-20-digital	-
sortlist	23-digital	-
sortlist	areweb-digital	-
sortlist	method-marketing-3	-
sortlist	mvp-guru	-
sortlist	flowterra-labs	-
sortlist	aesthetic-studios	-
sortlist	rubix-studios	-
sortlist	intelegain-technologies	-
sortlist	tyssen-design	-
sortlist	lumaro-digital	-
sortlist	combinate	-
sortlist	beyond-media-global-limited	-
sortlist	studio95-au	-
sortlist	northern-peak-marketing	-
sortlist	ooze-studios	-
sortlist	the-hype-society	-
sortlist	magic-marketing-solutions	-
sortlist	web-tonic	https://webtonic.io
sortlist	targetbase-australia-pty-ltd	-
sortlist	hungry-bull	-
sortlist	fhts	-
sortlist	sparro	-
sortlist	data-driven-digital	-
sortlist	hyper-theory	-
sortlist	destination-melbourne	-
sortlist	designomate	-
sortlist	gwm	-
sortlist	awd-digital	-
sortlist	hype-inc	-
sortlist	neubreed-design-pty-ltd	-
sortlist	advisible	-
sortlist	weave-web-communications	-
sortlist	tmw-the-media-workshop	-
sortlist	certifigift	-
sortlist	andromeda-media	-
sortlist	think-gold-coast	-
sortlist	creative-approach	-
sortlist	tilko-group	-
sortlist	kwix-global-solutions	-
sortlist	oneout-creative	-
sortlist	seo-north-sydney-pty-ltd	-
sortlist	getmilk-web-design	-
sortlist	optimising	-
sortlist	greathumans	-
sortlist	sk-creative	-
sortlist	next-digital-design	-
sortlist	design-digital	-
sortlist	4tc-media	-
sortlist	fkc-digital	-
sortlist	sme-digital	-
sortlist	boost-it	-
sortlist	noop-interactive-agency	-
sortlist	redfox-media	-
sortlist	rocket-lab-3	-
sortlist	studiohawk	-
sortlist	my-seo-experts	-
sortlist	influential-digital	-
sortlist	itsimple	-
sortlist	dmc-group-aust	-
sortlist	student-marketing-australia	-
sortlist	smartersites-pty-ltd	-
sortlist	tootz	-
sortlist	face-advertising	-
sortlist	techno-impact	-
sortlist	webplace	-
sortlist	content-first-2	-
sortlist	webstralia-it-solutions	-
sortlist	gen3media	-
sortlist	prime-signs-speed-elec	-
sortlist	chameleon-corporate-communications	-
sortlist	quote-please	-
sortlist	netforge	-
sortlist	bargaindesk-media-pty-ltd	-
sortlist	jarvis-marketing	-
sortlist	bee-strategic	-
sortlist	icon-inc	-
sortlist	reach-digital-australia	-
sortlist	dealsmix	-
sortlist	code-and-visual	-
sortlist	launch-lab	-
sortlist	aihello	-
sortlist	haze-media-it-pvt-ltd	-
sortlist	seo-advantage-2	-
sortlist	kintek	-
sortlist	marketing-results-australia	-
sortlist	sgd	-
sortlist	binary-studio	-
sortlist	prox-digital-agency	-
sortlist	rw-marketing-pty-ltd	-
sortlist	quikclicks	-
sortlist	23-creative	-
sortlist	webilicious	-
sortlist	one-touch-web-designs	-
sortlist	zeal-digital-seo-company-parramatta-sydney	-
sortlist	urban-based	-
sortlist	futuretheory	-
sortlist	digital-magus	-
sortlist	372-digital	-
sortlist	digital8-2	-
sortlist	woocom	-
sortlist	anatas	-
sortlist	ninjapromo-creative-digital-marketing-agency	-
sortlist	idea-11	-
sortlist	probey-services-private-limited	-
sortlist	technisun	-
sortlist	geeks-on-tap	-
sortlist	hype-creations	-
sortlist	cn-global	-
sortlist	moo	-
sortlist	cmtech-pty-ltd	-
sortlist	virtua-technologies	-
sortlist	g-squared-3	-
sortlist	prime-technologies	-
sortlist	allusive-digital	-
sortlist	go-viral-now	-
sortlist	secomm	-
sortlist	sdlc-corp	https://www.sdlccorp.com/
sortlist	microknot	-
sortlist	vrinsoft-pty-ltd	-
sortlist	savvy-brains-proprietary-limited	-
sortlist	codewave-technologies	https://www.codewave.com
sortlist	team-400	-
sortlist	luminary-2	-
sortlist	aek-media	-
sortlist	neomeric-2	-
sortlist	eb-pearls	-
sortlist	toast-creative	-
sortlist	aha-insights-digital-marketing-agency	-
sortlist	organtic	-
sortlist	mindspirittech	-
sortlist	apex-digital-agency	-
sortlist	at-digital	-
sortlist	nexusbyte	-
sortlist	mage2	-
sortlist	zero-point-development	-
sortlist	woolly-mammoth	-
sortlist	skillup-labs	-
sortlist	twopi-code	-
sortlist	future-perfect-digital	-
sortlist	advantek-australia	-
sortlist	confetti-design	-
sortlist	it-worx	-
sortlist	3d-prototyping	-
sortlist	twaregx	-
sortlist	the-promodonna	-
sortlist	bamboo-marketing	-
sortlist	gomeeki	-
sortlist	brennan-it	-
sortlist	bapple	-
sortlist	graphic-design-studio	-
sortlist	studio-moso	-
sortlist	tma-consolidated	-
sortlist	ultimate-media-ltd	-
sortlist	digitalmarketing-tv	-
sortlist	qubisoft	-
sortlist	mage-australia	-
sortlist	girikon	-
sortlist	carnac-group	-
sortlist	gocinico	-
sortlist	stratus-group	-
sortlist	arptech	-
sortlist	paraform	-
sortlist	mr-pigeon	-
sortlist	tigmo	-
sortlist	web-design-melbourne-2	-
sortlist	webz	-
sortlist	future-corporation-ltd	-
sortlist	20-80-solutions	-
sortlist	eagle-software	-
sortlist	superbia	-
sortlist	xam-melbourne-developers-in-net-react-flutter-apps-web-azure-and-ux-ui-agency	-
sortlist	technocrat	-
sortlist	accent-graphic-design-printing	-
sortlist	ezy-digital	-
sortlist	onemco	-
sortlist	click-creative-digital-agency	-
sortlist	media-planet	-
sortlist	slashdot	-
sortlist	kozmo-direct-pty-ltd	-
sortlist	active-international-australia	-
sortlist	the-agents-of-change	-
sortlist	netscore	-
sortlist	gem-sports	-
sortlist	komosion	-
sortlist	cbg-creative	-
sortlist	ea-steeles-group	-
sortlist	lasermail-pty-ltd	-
sortlist	wellcom-worldwide	-
sortlist	three-green-promotions	-
sortlist	testmate	-
sortlist	moqdigital	-
sortlist	redi-software	-
sortlist	digital-treasury	-
sortlist	alliance-software	-
sortlist	ewebsites	-
sortlist	host-sydney	-
sortlist	circle-communications	-
sortlist	software-shortlist	-
sortlist	fearless-media	-
sortlist	the-lab	-
sortlist	ruah-tech-solutions	-
sortlist	appointmentr-pty-ltd	-
sortlist	streetsmart-business-school	-
sortlist	the-fusion-group-asia-pacific	-
sortlist	perceptics-international	-
sortlist	maanz-marketing-international	-
sortlist	packcentre-marketing-services	-
sortlist	thirst-studios	-
sortlist	sketchli	-
sortlist	social-web-marketing-pty-ltd	-
sortlist	eleven-dev	-
sortlist	shared-marketing	-
sortlist	smart-growth-solutions	-
sortlist	codium	-
sortlist	quattro-group	-
sortlist	key-marketing-services	-
sortlist	the-webmart-network-uk	-
sortlist	radixweb	-
sortlist	airteam-3	-
sortlist	contino	-
sortlist	4mation	-
sortlist	omg-creative	-
sortlist	hills-web-design	-
sortlist	red-crayon	-
sortlist	straight-out-digital-2	-
sortlist	rowdy-inc	-
sortlist	logonado	-
sortlist	star-digital-marketing	-
sortlist	cmd-solutions	-
sortlist	procept	-
sortlist	platinum-seo-services	-
sortlist	itoc-australia	-
sortlist	empirical-works	-
sortlist	australian-digital	-
sortlist	smart-group	-
sortlist	ib-creative	-
sortlist	cummins-partners	-
sortlist	intuition-softech	-
sortlist	data-3	-
sortlist	concetto-labs	-
sortlist	virtual-reception	-
sortlist	aurita	-
sortlist	rubicon-red	-
sortlist	datacom	-
sortlist	skng-services	-
sortlist	kjr-australia	-
sortlist	coordinate-3	-
sortlist	as-white-global	-
sortlist	capital-analytics	-
sortlist	dejan-seo	-
sortlist	corporate-communications	-
sortlist	icon-agency-2	-
sortlist	aginic	-
sortlist	sotatek	-
sortlist	enabled	-
sortlist	conduct	-
sortlist	idea-box-2	-
sortlist	it-solutions-solved	-
sortlist	picket-studio	-
sortlist	web-profit-maximiser	-
sortlist	eastwood	-
sortlist	rank-higher-seo-2	-
sortlist	jch-media	-
sortlist	ireckon	-
sortlist	black-light-productions	-
sortlist	seo-company-melbourne	-
sortlist	synapse-worldwide	-
sortlist	soap-creative-2	-
sortlist	gemxit-pty-ltd	-
sortlist	appscore	-
sortlist	hatchet	-
sortlist	boltblue-web-and-marketing	-
sortlist	simplifies-technology-solutions	-
sortlist	qloudsoft	-
sortlist	bronron-apps	-
sortlist	planit-testing	-
sortlist	folio-manager	-
sortlist	dr-app-brisbane	-
sortlist	webtechneon	-
sortlist	slump-studio	-
sortlist	system-expresso-pty-ltd	-
sortlist	clearwater-agency	https://clearwateragency.com.au
sortlist	soup-agency-4	https://www.soupagency.com.au
sortlist	emarket-experts	-
sortlist	future-wave-digital	-
sortlist	digitxl	-
sortlist	yoghurt-digital	https://www.yoghurtdigital.com.au
sortlist	nextclick-digital	-
sortlist	odo-designs	-
sortlist	proudi	-
sortlist	sydney-logo-design	-
sortlist	cloud-downunder	-
sortlist	endless-digital-agency	-
sortlist	scaleup-consulting-australia	-
sortlist	sixgun	-
sortlist	adcore-israel	-
sortlist	vesanique	-
sortlist	balmer-agency	-
sortlist	social-studio-pty-ltd	-
sortlist	avesta-agency	-
sortlist	move-ahead-media	-
sortlist	shout-digital	-
sortlist	virtual-headquarters	-
sortlist	editor-group	-
sortlist	esolutions	-
sortlist	built-with-digital	-
sortlist	digital-bridge-3	-
sortlist	webco	-
sortlist	websites-au	-
sortlist	cubeight-solutions	-
sortlist	always-open-commerce	-
sortlist	it-ventures	-
sortlist	the-purple-panda-agency	-
sortlist	lash-creative	-
sortlist	goingit	-
sortlist	codedrips	-
sortlist	languageloop	-
sortlist	ezispeak	-
sortlist	wdm-agency	-
sortlist	digital-surfer	-
sortlist	pier-marketing	-
sortlist	yews	-
sortlist	oz-web-guru-australia-s-leading-digital-agency	-
sortlist	nifty-websites-melbourne	-
sortlist	concise-digital	-
sortlist	affinity-15	-
sortlist	beyond-translation	-
sortlist	camms	-
sortlist	ibp-processing	-
sortlist	dialog-information-technology	-
sortlist	blue-sense-digital	-
sortlist	flint-interactive	-
sortlist	diversify-offshore-staffing-solutions	-
sortlist	alpha-digital-3	-
sortlist	digital-one-marketing	-
sortlist	nifty-marketing-australia	-
sortlist	red-stockholm	-
sortlist	traffic-29	-
sortlist	digital-movement	-
sortlist	away-digital-teams	-
sortlist	walstar-technologies-pvt-ltd	-
