semrush	cosmik-carrot	https://www.cosmikcarrot.com
semrush	brandconn-digital	https://www.brandconn.com/
semrush	arke-agency	https://arkeagency.com
semrush	devenup-seo	https://devenup.com
semrush	elit-web	https://elit-web.com/
semrush	e-intelligence	https://www.eintelligenceweb.com
semrush	viacon	https://viacon.io/
semrush	submerge	https://submerge.digital
semrush	top-notch-dezigns	https://www.topnotchdezigns.com
semrush	netzoll	https://netzoll.com
semrush	cleartwo	https://cleartwo.co.uk/
semrush	modo25	https://modo25.com/
semrush	stack-agency	https://www.stackdigital.co.uk
semrush	the-wix-guys	https://www.thewixguys.com/
semrush	soap-media	https://www.soapmedia.co.uk/
semrush	lightflows	https://www.lightflows.co.uk
semrush	gel-studios	https://www.gelstudios.co.uk/
semrush	trafiki-ecommerce	https://trafiki.com/
semrush	no-faff-marketing	https://www.nofaffmarketing.com
semrush	maratopia-search-marketing	https://maratopia.co.uk
semrush	studiohawk	https://studiohawk.com.au
semrush	web-and-roll	https://webandroll.co.uk
semrush	douglass-digital	https://www.douglassdigital.com/
semrush	nautilus-marketing	https://nautilusmarketing.co.uk/
semrush	websiteability	https://www.websiteability.com
semrush	carrie-ann-sudlow-consultancy-ltd	https://www.carrieannsudlow.co.uk
semrush	crio-digital-ltd	https://criodigital.co.uk/
semrush	damteq	https://www.damteq.co.uk
semrush	solve	https://solve.co.uk
semrush	aim-internet-ltd	https://www.aiminternet.co.uk/
semrush	the-inter-group	https://tig.uk.net/
semrush	zinc-digital	https://www.zincdigital.com
semrush	clarity-global	https://clarity.global/
semrush	bug-bear-marketing	https://www.marketrocket.co.uk/
semrush	webhunter	https://webhunter.co
semrush	lead-genera	https://leadgenera.com/
semrush	esterling-ltd	https://www.esterling.co.uk/
semrush	xanthos-digital-marketing	https://xanthosdigital.com
semrush	azonetwork	https://www.azonetwork.com
semrush	boxchilli-digital-marketing	https://www.boxchilli.com/
semrush	loudlocal	https://www.loudlocal.co.uk
semrush	the-seo-works	https://www.seoworks.co.uk
semrush	magecloud-agency	https://magecloud.agency/
semrush	click-dealer	https://www.clickdealer.co.uk/
semrush	teapot	https://teapot.agency/
semrush	max-web-solutions	https://maxwebsolutions.co.uk/
semrush	digi-toolbox	https://digitoolbox.com/
semrush	trident	https://wearetrident.co.uk/
semrush	tom-mercer	https://www.ocpr.co.uk
semrush	vertical-leap	https://www.thisisgain.com/
semrush	baw-creative	https://www.bawcreative.co.uk/
semrush	dotsquares	https://www.dotsquares.com
semrush	7pm-studio	https://7pm.studio
semrush	gtech-digital-ltd	https://www.gtechdigital.co.uk
semrush	smith-brother-media	https://smithbrothersmedia.com.au/
semrush	transformation-marketing	https://www.transformationmarketing.co.uk/
semrush	lewis	https://www.teamlewis.com/
semrush	vineet-kukreti	https://vineetkukreti.com/
semrush	byte-digital	https://www.bytedigital.com
semrush	elev8ed-integrated-marketing-e8im	https://elev8edmarketing.com.au
semrush	perfect-afternoon	https://www.perfectafternoon.com
semrush	dnm-digital	https://dnmdigital.com.au/
semrush	purpose-path	https://www.purposepath.ca
semrush	parachute-design-group-inc	https://parachutedesign.ca
semrush	inbouncy	https://inbouncy.com/
semrush	eco-york-llc	https://www.ecoyork.com/
semrush	reach-ecomm-strategy-and-marketing	https://www.reachecomm.com
semrush	vincent-brand-go	https://www.vincentbrandgo.com
semrush	soup-agency	https://www.soupagency.com.au
semrush	seoprofy	https://seoprofy.com/
semrush	elatre-creative-marketing-agency	https://elatre.com/
semrush	envy-design-co	https://www.envydesign.co
semrush	seo-image	https://seoimage.com
semrush	pomoroi	https://pomoroi.com/
semrush	laced-media-digital-marketing	https://www.lacedmedia.com
semrush	clearwater-agency	https://clearwateragency.com.au
semrush	2point-agency	https://www.2pointagency.com
semrush	marketzilla-agencia-seo	https://marketzilla.agency
semrush	ioi-solutions	https://ioisolutions.com
semrush	overflow-cafe	https://overflowcafe.com
semrush	elite-web-professionals	https://www.advertisingbusiness.org
semrush	online-marketing-gurus	https://www.onlinemarketinggurus.com.au
semrush	red-september	https://www.redseptember.co.za
semrush	emizen-tech-pvt-ltd	https://emizentech.com/
semrush	seovalley-solutions-private-limited	https://www.seovalley.com
semrush	bluetuskr	https://bluetuskr.com
semrush	website-energizers	https://websiteenergizers.com/
semrush	clear-click	https://www.clear-click.com
semrush	norsu-media-group	https://norsumediagroup.com
semrush	click-intelligence	https://www.clickintelligence.co.uk/
semrush	recollect-studio	https://recollectstudios.com/
semrush	gravity-global	https://www.gravityglobal.com/
semrush	stockley-and-turner	https://www.stockleyandturner.com/
semrush	garreck-direct-communications	https://www.facebook.com/garreckdc
semrush	seo-premier	https://www.seopremier.com
semrush	chillibyte	https://www.chillibyte.co.uk/
semrush	the-media-image	https://the-media-image.com/
semrush	laseo	https://laseo.co/
semrush	seo-yodha	https://www.seoyodha.com
semrush	greenlane	https://www.greenlanemarketing.com
semrush	lead-experts	https://leadexpertsagency.com/
semrush	vea-technologies	https://www.veatechnologies.com
semrush	growth-marketing-pro	https://growthmarketingpro.com
semrush	suffolk-county-webmasters	https://www.sucoweb.com
semrush	forge-creative	https://forge.co.nz/
semrush	webology	https://webology.io/
semrush	curio-digital	https://www.curiodigital.io/
semrush	nomad-designs-pty-ltd	https://www.nomaddesigns.com.au
semrush	indeedseo	https://indeedseo.com/
