domain,name,website,city,country,market,sources,tags,blurb,size,rate,found_at
cosmikcarrot.com,Cosmik Carrot,https://www.cosmikcarrot.com,London City,United Kingdom,uk,semrush,ux|web-design|web-development,Still Here When Everyone Else Has Moved On,,,2026-09-22 15:42
brandconn.com,Brandconn Digital,https://www.brandconn.com/,London City,United Kingdom,uk,semrush,web-design|web-development,Connecting the dots between You and Your Customers,,,2026-09-22 15:42
arkeagency.com,Arke Agency,https://arkeagency.com,London City,United Kingdom,uk,semrush,ux|web-design|web-development,The UK's Most Effective Agency,,,2026-09-22 15:42
devenup.com,Devenup SEO,https://devenup.com,London City,United Kingdom,uk,semrush,ux|web-design|web-development,Multi-Platform SEO Agency for your business growth,,,2026-09-22 15:42
viacon.io,Viacon,https://viacon.io/,London City,United Kingdom,uk,semrush,ux|web-design|web-development,Full-service digital agency that delivers engaging,,,2026-09-22 15:42
submerge.digital,Submerge,https://submerge.digital,Manchester,United Kingdom,uk,semrush,ux|web-design|web-development,Powerful SEO and authentic content marketing,,,2026-09-22 15:42
topnotchdezigns.com,Top Notch Dezigns®,https://www.topnotchdezigns.com,London City,United Kingdom,uk,semrush,ux|web-design|web-development,Top Rated Web Design + Digital Marketing Agency,,,2026-09-22 15:42
netzoll.com,Netzoll,https://netzoll.com,Manchester,United Kingdom,uk,semrush,web-design|web-development,Digital Marketing Empowered,,,2026-09-22 15:42
cleartwo.co.uk,Cleartwo,https://cleartwo.co.uk/,Manchester,United Kingdom,uk,semrush,ux|web-design|web-development,For All Your Marketing & IT Business Solutions,,,2026-09-22 15:42
modo25.com,Modo25,https://modo25.com/,Manchester,United Kingdom,uk,semrush,ux|web-design|web-development,Turning the world of digital marketing inside out,,,2026-09-22 15:42
stackdigital.co.uk,Stack Digital - Performance Marketing Agency UK,https://www.stackdigital.co.uk,Manchester,United Kingdom,uk,semrush,ux|web-design|web-development,Stack SEO + PPC / Paid Social Agency,,,2026-09-22 15:42
thewixguys.com,The Wix Guys,https://www.thewixguys.com/,,United Kingdom,uk,semrush,web-design|web-development,Making your Wix Site... Less Shite.,,,2026-09-22 15:42
soapmedia.co.uk,Soap Media,https://www.soapmedia.co.uk/,Manchester,United Kingdom,uk,semrush,ux|web-design|web-development,Your Partner in Digital,,,2026-09-22 15:42
lightflows.co.uk,"Lightflows Web Design Agency | Apps, Dev and AI",https://www.lightflows.co.uk,London City,United Kingdom,uk,semrush,ux|web-design|web-development,Let's make something incredible,,,2026-09-22 15:42
gelstudios.co.uk,GEL Studios,https://www.gelstudios.co.uk/,,United Kingdom,uk,semrush,web-design|web-development,"Strategic thinking, creativity & collaboration",,,2026-09-22 15:42
trafiki.com,Trafiki Digital Marketing,https://trafiki.com/,London City,United Kingdom,uk,semrush,ux|web-design|web-development,Business-minded Marketing Agency,,,2026-09-22 15:42
nofaffmarketing.com,No Faff Marketing,https://www.nofaffmarketing.com,London City,United Kingdom,uk,semrush,web-design|web-development,Doing what works for you - no faffing about!,,,2026-09-22 15:42
maratopia.co.uk,Maratopia Search Marketing 23 years of success,https://maratopia.co.uk,London City,United Kingdom,uk,semrush,web-design|web-development,Taking the Guess Work Out Of SEO,,,2026-09-22 15:42
studiohawk.com.au,StudioHawk,https://studiohawk.com.au,London City,United Kingdom,uk,semrush,web-design|web-development,"Dedicated SEO Specialists, no lock-in contracts.",,,2026-09-22 15:42
webandroll.co.uk,Web & Roll,https://webandroll.co.uk,,United Kingdom,uk,semrush,web-design|web-development,Web design & digital agency in Sheffield,,,2026-09-22 15:42
douglassdigital.com,Douglass Digital,https://www.douglassdigital.com/,,United Kingdom,uk,semrush,ux|web-design|web-development,Designing the Future of Your Brand,,,2026-09-22 15:42
nautilusmarketing.co.uk,Nautilus Marketing,https://nautilusmarketing.co.uk/,London City,United Kingdom,uk,semrush,ux|web-design|web-development,A marketing agency with a nerdy twist! 🤓,,,2026-09-22 15:42
websiteability.com,WebsiteAbility,https://www.websiteability.com,,United Kingdom,uk,semrush,ux|web-design|web-development,Digital Expertise Supporting Your Online Growth 🚀,,,2026-09-22 15:43
carrieannsudlow.co.uk,Sudlow Marketing,https://www.carrieannsudlow.co.uk,,United Kingdom,uk,semrush,ux|web-design|web-development,Digital marketing with no long contracts,,,2026-09-22 15:43
criodigital.co.uk,Crio Digital Ltd,https://criodigital.co.uk/,,United Kingdom,uk,semrush,ux|web-design|web-development,A small creative digital agency that packs a punch,,,2026-09-22 15:43
damteq.co.uk,Damteq,https://www.damteq.co.uk,,United Kingdom,uk,semrush,ux|web-design|web-development,Specialist Growth Marketing. The Human Way.,,,2026-09-22 15:43
solve.co.uk,Solve,https://solve.co.uk,,United Kingdom,uk,semrush,ux|web-design|web-development,B Corp Web Design & SEO Company,,,2026-09-22 15:43
aiminternet.co.uk,AIM Internet Ltd,https://www.aiminternet.co.uk/,,United Kingdom,uk,semrush,ux|web-design|web-development,Are You Looking to Grow Your Business?,,,2026-09-22 15:43
tig.uk.net,The Inter Group,https://tig.uk.net/,,United Kingdom,uk,semrush,web-design|web-development,Intergrating Digital Communications Design & Print,,,2026-09-22 15:43
zincdigital.com,Zinc Digital,https://www.zincdigital.com,,United Kingdom,uk,semrush,ux|web-design|web-development,We help businesses succeed in Digital,,,2026-09-22 15:43
clarity.global,Clarity Global,https://clarity.global/,London City,United Kingdom,uk,semrush,ux|web-design|web-development,Global Digital Marketing & Communications Agency,,,2026-09-22 15:43
marketrocket.co.uk,Market Rocket,https://www.marketrocket.co.uk/,London City,United Kingdom,uk,semrush,ux|web-design|web-development,Out of this world marketing and PR services,,,2026-09-22 15:43
webhunter.co,WebHunter,https://webhunter.co,,United Kingdom,uk,semrush,web-design|web-development,Open your Business to the World!,,,2026-09-22 15:43
leadgenera.com,Lead Genera,https://leadgenera.com/,,United Kingdom,uk,semrush,web-design|web-development,A New Kind of Marketing,,,2026-09-22 15:43
esterling.co.uk,eSterling Ltd,https://www.esterling.co.uk/,,United Kingdom,uk,semrush,ux|web-design|web-development,We help you find your next customer,,,2026-09-22 15:43
xanthosdigital.com,Xanthos Digital Marketing,https://xanthosdigital.com,,United Kingdom,uk,semrush,ux|web-design|web-development,Results-driven digial marketing solutions,,,2026-09-22 15:43
azonetwork.com,AZoNetwork,https://www.azonetwork.com,Manchester,United Kingdom,uk,semrush,ux|web-design|web-development,"Marketing for Science, Engineering and Healthcare",,,2026-09-22 15:43
boxchilli.com,boxChilli,https://www.boxchilli.com/,,United Kingdom,uk,semrush,web-design|web-development,Growth starts with being found,,,2026-09-22 15:43
loudlocal.co.uk,LoudLocal,https://www.loudlocal.co.uk,,United Kingdom,uk,semrush,ux|web-design|web-development,Turn up the volume on your digital marketing with,,,2026-09-22 15:43
seoworks.co.uk,The SEO Works,https://www.seoworks.co.uk,London City,United Kingdom,uk,semrush,ux|web-design|web-development,THE DIGITAL GROWTH EXPERTS,,,2026-09-22 15:43
magecloud.agency,MageCloud Agency,https://magecloud.agency/,,United Kingdom,uk,semrush,web-design|web-development,We build and scale ecommerce stores worldwide!,,,2026-09-22 15:43
clickdealer.co.uk,Click Dealer,https://www.clickdealer.co.uk/,,United Kingdom,uk,semrush,web-design|web-development,Digital Experts for Independent Dealers,,,2026-09-22 15:43
teapot.agency,Teapot,https://teapot.agency/,,United Kingdom,uk,semrush,web-design|web-development,Brand growth agency for ambitious companies,,,2026-09-22 15:43
maxwebsolutions.co.uk,Max Web Solutions,https://maxwebsolutions.co.uk/,,United Kingdom,uk,semrush,ux|web-design|web-development,Web Design and SEO Agency,,,2026-09-22 15:43
wearetrident.co.uk,Trident,https://wearetrident.co.uk/,,United Kingdom,uk,semrush,ux|web-design|web-development,Your trusted partner in your digital growth,,,2026-09-22 15:43
ocpr.co.uk,OCPR - Digital Marketing Agency,https://www.ocpr.co.uk,,United Kingdom,uk,semrush,web-design|web-development,Everything you need to amplify your presence,,,2026-09-22 15:43
thisisgain.com,Vertical Leap,https://www.thisisgain.com/,London City,United Kingdom,uk,semrush,ux|web-design|web-development,"We're a creative-led, insight-driven company",,,2026-09-22 15:43
bawcreative.co.uk,BAW Creative,https://www.bawcreative.co.uk/,,United Kingdom,uk,semrush,web-design|web-development,Driven by Creativity. Powered by Results.,,,2026-09-22 15:43
dotsquares.com,Dotsquares,https://www.dotsquares.com,,United Kingdom,uk,semrush,ux|web-design|web-development,Make your vision a reality!,,,2026-09-22 15:43
7pm.studio,7pm Studio,https://7pm.studio,London City,United Kingdom,uk,semrush,web-design|web-development,"Improve rankings, increase traffic, get more sales",,,2026-09-22 15:43
gtechdigital.co.uk,GTech Digital Ltd,https://www.gtechdigital.co.uk,London City,United Kingdom,uk,semrush,ux|web-design|web-development,Your Partner for Complete Digital Growth,,,2026-09-22 15:43
smithbrothersmedia.com.au,Smith Brother Media,https://smithbrothersmedia.com.au/,London City,United Kingdom,uk,semrush,ux|web-design|web-development,The Smarter Way,,,2026-09-22 15:43
transformationmarketing.co.uk,Transformation Marketing,https://www.transformationmarketing.co.uk/,,United Kingdom,uk,semrush,ux|web-design|web-development,Improving Your Business,,,2026-09-22 15:43
teamlewis.com,TEAM LEWIS,https://www.teamlewis.com/,London City,United Kingdom,uk,semrush,ux|web-design|web-development,Global Integrated Marketing Agency,,,2026-09-22 15:43
vineetkukreti.com,Vineet Kukreti,https://vineetkukreti.com/,London City,United Kingdom,uk,semrush,web-design|web-development,SEO that compounds: technical + AI content ops,,,2026-09-22 15:43
bytedigital.com,Byte Digital,https://www.bytedigital.com,London City,United Kingdom,uk,semrush,web-design|web-development,Driving Revenue for Shopify Brands,,,2026-09-22 15:43
elev8edmarketing.com.au,Elev8ed Integrated Marketing (E8IM),https://elev8edmarketing.com.au,London City,United Kingdom,uk,semrush,web-design|web-development,Get Found. Convert More. Grow Faster,,,2026-09-22 15:43
perfectafternoon.com,Perfect Afternoon,https://www.perfectafternoon.com,London City,United Kingdom,uk,semrush,web-design|web-development,Helping your customers find you online.,,,2026-09-22 15:43
dnmdigital.com.au,DNM Digital,https://dnmdigital.com.au/,London City,United Kingdom,uk,semrush,ux|web-design|web-development,Your premium choice for digital marketing success,,,2026-09-22 15:43
purposepath.ca,Purpose Path,https://www.purposepath.ca,London City,United Kingdom,uk,semrush,web-design|web-development,We have no bullshit marketing solutions.,,,2026-09-22 15:43
parachutedesign.ca,Parachute Design Group Inc.,https://parachutedesign.ca,London City,United Kingdom,uk,semrush,ux|web-design|web-development,An award-winning web design agency in Canada.,,,2026-09-22 15:43
inbouncy.com,Inbouncy,https://inbouncy.com/,London City,United Kingdom,uk,semrush,ux|web-design|web-development,"AI-First, Full Service Inbound Marketing Agency",,,2026-09-22 15:43
ecoyork.com,Eco York LLC,https://www.ecoyork.com/,London City,United Kingdom,uk,semrush,ux|web-design|web-development,Developing Solutions that Save Time and Money,,,2026-09-22 15:43
reachecomm.com,Reach Ecomm - Strategy and Marketing,https://www.reachecomm.com,London City,United Kingdom,uk,semrush,ux|web-design|web-development,"Sell More, Get Leads, Win Online",,,2026-09-22 15:43
vincentbrandgo.com,Vincent Brand Go,https://www.vincentbrandgo.com,London City,United Kingdom,uk,semrush,ux|web-design|web-development,Marketing Your Brand with Style,,,2026-09-22 15:43
soupagency.com.au,SOUP Agency,https://www.soupagency.com.au,London City,United Kingdom,uk,semrush,ux|web-design|web-development,A recipe to reach any customer,,,2026-09-22 15:43
seoprofy.com,SeoProfy: SEO Company That Delivers Results,https://seoprofy.com/,London City,United Kingdom,uk,semrush,ux|web-design|web-development,Strategic SEO Partner,,,2026-09-22 15:43
elatre.com,Elatre Creative Digital Marketing Agency,https://elatre.com/,London City,United Kingdom,uk,semrush,ux|web-design|web-development,"AI Marketing, SEO, GEO, Paid Ads, Software",,,2026-09-22 15:43
envydesign.co,Envy Design Co.,https://www.envydesign.co,London City,United Kingdom,uk,semrush,ux|web-design|web-development,"Distinctive brands, thoughtfully built.",,,2026-09-22 15:43
seoimage.com,SEO Image - SEO & Reputation Management,https://seoimage.com,London City,United Kingdom,uk,semrush,web-design|web-development,We Keep Clients for Decades!,,,2026-09-22 15:43
pomoroi.com,POMOROI,https://pomoroi.com/,London City,United Kingdom,uk,semrush,ux|web-design|web-development,Driving Success Through Experience & Innovation.,,,2026-09-22 15:43
lacedmedia.com,Laced Media - Digital Marketing,https://www.lacedmedia.com,London City,United Kingdom,uk,semrush,web-design|web-development,Innovative & Effective SEO That Get Results.,,,2026-09-22 15:43
clearwateragency.com.au,Clearwater Agency,https://clearwateragency.com.au,Manchester,United Kingdom,uk,semrush,ux|web-design|web-development,We exist to grow brands into market leaders,,,2026-09-22 15:43
2pointagency.com,2POINT | Scaling Brands to $100M+,https://www.2pointagency.com,Manchester,United Kingdom,uk,semrush,ux|web-design,Helping Brands Reach New Heights Since 2006,,,2026-09-22 15:43
marketzilla.agency,MARKETZILLA Agencia SEO,https://marketzilla.agency,Manchester,United Kingdom,uk,semrush,ux|web-design,It is better to be the first than to be the best,,,2026-09-22 15:43
ioisolutions.com,IOI Solutions,https://ioisolutions.com,Manchester,United Kingdom,uk,semrush,web-design|web-development,Automotive Performance Marketing 🚗📈,,,2026-09-22 15:43
overflowcafe.com,Overflow Cafe,https://overflowcafe.com,Manchester,United Kingdom,uk,semrush,ux|web-design|web-development,Be seen everywhere. Gain new customers.,,,2026-09-22 15:43
advertisingbusiness.org,Elite Web Professionals,https://www.advertisingbusiness.org,Manchester,United Kingdom,uk,semrush,web-design,"Turn Searches to Customers, Clicks to Conversions",,,2026-09-22 15:43
onlinemarketinggurus.com.au,Online Marketing Gurus,https://www.onlinemarketinggurus.com.au,Manchester,United Kingdom,uk,semrush,ux|web-design,"Global SEO Agency Of 2025, Trusted by 1,000+",,,2026-09-22 15:44
redseptember.co.za,Red September,https://www.redseptember.co.za,Manchester,United Kingdom,uk,semrush,ux|web-design,We help brands connect with customers and grow.,,,2026-09-22 15:44
emizentech.com,Emizen Tech Pvt. Ltd.,https://emizentech.com/,Manchester,United Kingdom,uk,semrush,web-design,"Your Ideas, Our innovations!",,,2026-09-22 15:44
seovalley.com,SEOValley Solutions Private Limited,https://www.seovalley.com,Manchester,United Kingdom,uk,semrush,ux|web-design,Expand & Grow Business,,,2026-09-22 15:44
bluetuskr.com,BlueTuskr,https://bluetuskr.com,Manchester,United Kingdom,uk,semrush,ux|web-design,DATA-DRIVEN DIGITAL MARKETING AT IT'S FINEST 🐘,,,2026-09-22 15:44
websiteenergizers.com,Website Energizers,https://websiteenergizers.com/,London City,United Kingdom,uk,semrush,web-development,"Your trusted team for powerful, growth‑focused SEO",,,2026-09-22 15:44
clear-click.com,Clear Click,https://www.clear-click.com,London City,United Kingdom,uk,semrush,web-development,Marketing Solutions For Multichannel Excellence,,,2026-09-22 15:44
norsumediagroup.com,Norsu Media Group,https://norsumediagroup.com,London City,United Kingdom,uk,semrush,web-development,Making brands grow,,,2026-09-22 15:44
clickintelligence.co.uk,Click Intelligence,https://www.clickintelligence.co.uk/,Manchester,United Kingdom,uk,semrush,web-development,White-Label SEO For Agencies & Brands,,,2026-09-22 15:44
recollectstudios.com,Recollect studio,https://recollectstudios.com/,London City,United Kingdom,uk,semrush,web-development,"At the beginning of every great brand, there’s a m",,,2026-09-22 15:44
gravityglobal.com,Gravity Global,https://www.gravityglobal.com/,London City,United Kingdom,uk,semrush,ux|web-development,Attract Attention. Propel Growth.,,,2026-09-22 15:44
stockleyandturner.com,Stockley and Turner,https://www.stockleyandturner.com/,,United Kingdom,uk,semrush,web-development,Your trusted partner for digital and ecomm growth,,,2026-09-22 15:44
seopremier.com,PREM,https://www.seopremier.com,Manchester,United Kingdom,uk,semrush,web-development,Huge wealth of International SEO experience,,,2026-09-22 15:44
chillibyte.co.uk,Chillibyte,https://www.chillibyte.co.uk/,,United Kingdom,uk,semrush,web-development,Search is at the heart of what we do.,,,2026-09-22 15:44
the-media-image.com,The Media Image,https://the-media-image.com/,London City,United Kingdom,uk,semrush,ux|web-development,Performance based / award winning,,,2026-09-22 15:44
laseo.co,LASEO,https://laseo.co/,London City,United Kingdom,uk,semrush,ux|web-development,100% Dedicated SEO Agency for Powerful Growth,,,2026-09-22 15:44
seoyodha.com,SEO Yodha,https://www.seoyodha.com,Manchester,United Kingdom,uk,semrush,web-development,Ignite Ranking Potential,,,2026-09-22 15:44
greenlanemarketing.com,Greenlane Marketing,https://www.greenlanemarketing.com,Manchester,United Kingdom,uk,semrush,ux|web-development,Developing Paid Search & SEO campaigns since 2005,,,2026-09-22 15:44
leadexpertsagency.com,Lead Experts,https://leadexpertsagency.com/,Manchester,United Kingdom,uk,semrush,web-development,"Driving Growth with Targeted, Lead-Focused Digital",,,2026-09-22 15:44
veatechnologies.com,VEA Technologies,https://www.veatechnologies.com,Manchester,United Kingdom,uk,semrush,ux,Your Success Is Our Business,,,2026-09-22 15:44
growthmarketingpro.com,Growth Marketing Pro,https://growthmarketingpro.com,Manchester,United Kingdom,uk,semrush,ux,Get More Customers,,,2026-09-22 15:44
forge.co.nz,Forge Creative,https://forge.co.nz/,Manchester,United Kingdom,uk,semrush,ux,Always Thinking,,,2026-09-22 15:44
webology.io,Webology,https://webology.io/,Manchester,United Kingdom,uk,semrush,ux,All Results No Contracts Clear Communication,,,2026-09-22 15:44
curiodigital.io,Curio Digital,https://www.curiodigital.io/,Manchester,United Kingdom,uk,semrush,ux,Get Found. Get Understood. Get Chosen.,,,2026-09-22 15:44
nomaddesigns.com.au,Nomad Designs Pty Ltd,https://www.nomaddesigns.com.au,Manchester,United Kingdom,uk,semrush,ux,Wandering beyond the impossible,,,2026-09-22 15:44
